uid,startTime,aqara_chair_before_12h,aqara_chair_before_24h,aqara_cleaner_before_12h,aqara_cleaner_before_24h,aqara_door_before_12h,aqara_door_before_24h,aqara_fridge_before_12h,aqara_fridge_before_24h,aqara_microwave_before_12h,aqara_microwave_before_24h,aqara_motion_before_12h,aqara_motion_before_24h,aqara_tv_before_12h,aqara_tv_before_24h,aqara_washer_before_12h,aqara_washer_before_24h
3.0,1685533924021.0,55,,,,,,1,,,,53,,,,,
3.0,1686135166693.0,113,134,,3,,,4,3,,,,10,,,,
5.0,1684639169371.0,,15,,,,,1,,,,11,11,,,,1
8.0,1684606702709.0,1,2,8,,,,,,5,2,13,2,,,,
9.0,1684543431080.0,27,2,,3,3,2,3,,,,77,30,,,6,
11.0,1684943405790.0,,,19,,7,1,,,1,3,,,,,,
16.0,1686511682504.0,,,,,,,,,,,,,,,,
3.0,1686578991382.0,,,,,,,,,,,,,,,,
4.0,1684946658645.0,2,,,,,,1,1,,,23,13,,,,
4.0,1686057342843.0,13,42,,,,,1,2,,2,,,,,2,5
8.0,1685196446718.0,,,,,,,,,2,1,114,16,,,,
9.0,1685368559327.0,,82,,3,,5,,8,,,184,425,,,,
11.0,1684016349145.0,,,,,,3,,,,,,,0.0,,,
19.0,1685018862283.0,7,12,,4,3,1,,2,,2,30,35,6.209999999999999,6.200000000000001,,2
20.0,1684224238016.0,2,96,,,6,1,,11,,2,,,,,,
1.0,1686361515449.0,,4,,,,,,6,,2,,,,64.28,,
2.0,1686147900661.0,,,,,,,,,,,,,,,,
3.0,1684771440535.0,13,85,,,,,3,5,,,35,236,,,,
3.0,1685165290166.0,51,24,,,,,3,5,,,45,11,,,,
3.0,1685255047944.0,58,104,,10,,,4,2,,,110,109,,,,
4.0,1683630627471.0,,,,,,,,,,,,,,,,
4.0,1683894699300.0,1,,,,,,,,,,11,,,,,
4.0,1685437441103.0,1,13,,16,,,,,,,3,53,,,,
8.0,1685206580286.0,,,,,,,2,,2,2,17,114,,,,
8.0,1685216713111.0,,,,,,,2,,2,2,17,114,,,,
10.0,1683909870885.0,33,20,,,2,1,2,,,,147,185,,,,
11.0,1685707421079.0,,,4,,8,1,,,2,,,,6.360000000000001,6.230000000000001,1,
13.0,1685800742121.0,,11,,13,1,3,2,7,,2,39,259,,,,
15.0,1686051283670.0,,,14,1,,,,,,,,,25.48,4.920000000000001,,
17.0,1683822001139.0,,,,,,,,,,,,,,,,
17.0,1685011344703.0,5,5,,,3,1,,,,,87,48,2.3200000000000003,2.2600000000000007,,
19.0,1685100030552.0,4,9,2,2,2,3,,5,,2,1,22,7.250000000000001,6.560000000000001,,1
8.0,1685369993699.0,73,90,,4,,,,,,,179,156,,,,
11.0,1685033683654.0,,,,,2,3,,,,,,,6.38,44.78,,
15.0,1685105641685.0,46,59,,,2,2,,,,,174,138,6.07,20.57,,
15.0,1686499303178.0,,,,,,,,,,,,,,,,
1.0,1685113037787.0,1,1,,,,,9,,,2,1,,198.88,4.99,,
4.0,1684836025233.0,12,8,,,,,1,2,,5,15,43,,,,
11.0,1685157892035.0,,,,,2,3,,,,,,,6.260000000000001,6.72,,1
11.0,1685759608503.0,,,8,4,16,8,1,,2,2,181,,6.789999999999999,6.360000000000001,,1
15.0,1685372188091.0,37,77,,6,,2,,,1,2,228,268,93.1,16.85,3,5
15.0,1685636698878.0,59,32,,,3,,,,,,104,109,6.080000000000001,6.190000000000002,2,1
9.0,1686054769346.0,,18,,,1,1,1,3,7,1,54,20,,,,
10.0,1684946680541.0,,18,,3,,2,,,,,,103,,,,
10.0,1686054739405.0,2,30,1,1,2,7,,4,,,96,123,,,,3
15.0,1686242637474.0,48,9,,,1,1,,,,,125,65,4.9,4.83,,
15.0,1686583279457.0,,,,,,,,,,,,,,,,
17.0,1684248942490.0,9,9,,,2,4,,5,,,83,81,2.1,2.2600000000000007,,
17.0,1684579392652.0,4,,,,2,,1,,,,31,,2.3400000000000007,2.36,,
17.0,1685969519214.0,,18,,,1,5,1,2,,,9,121,2.4800000000000004,2.370000000000001,,
17.0,1686237852403.0,45,1,18,,1,8,10,4,,,85,23,2.38,2.3600000000000003,,
3.0,1686297672116.0,124,7,,,,,10,2,,,,,,,,
4.0,1685373849949.0,13,2,16,,,,,1,,,53,21,,,,
7.0,1684654782084.0,3,12,1,18,3,10,,17,,,39,179,,,,10
8.0,1685400235406.0,25,73,,,,,,,,,55,179,,,,
10.0,1685205929288.0,18,22,,3,2,1,11,4,4,,189,232,,,,2
11.0,1684852676764.0,,,,10,4,5,,,,,,,,,,
11.0,1686154410894.0,,,2,,6,1,,,3,,92,78,,0.0,,
12.0,1685891228245.0,,,12,2,,,,,11,,209,58,,,2,
13.0,1685704057599.0,3,4,1,,,1,1,5,2,,118,69,,,,
17.0,1686243256228.0,45,1,18,,1,8,10,4,,,85,23,2.38,2.3600000000000003,,
17.0,1686396427977.0,,,,,,,,,,,,,,0.27,,
20.0,1684154239497.0,12,87,,,,2,3,10,,17,,,,,,
20.0,1684495920883.0,11,103,2,2,30,14,4,27,,6,,,,,10,1
20.0,1686025319451.0,,,,,3,5,7,9,,5,,,,,,
9.0,1684418155513.0,7,34,,,1,1,,5,,,38,43,,,,
9.0,1684494529481.0,2,25,3,,2,1,,1,,,30,44,,,,
10.0,1686242660757.0,10,10,,2,1,2,3,,,,37,95,,,5,
11.0,1683794612341.0,,,,,,,,,,,,,,,,
11.0,1684487409463.0,,,,4,6,1,,,,,,1,,0.0,,
17.0,1686059276959.0,13,13,,1,,2,7,4,,,88,74,2.4800000000000004,2.550000000000001,,
17.0,1686150668134.0,21,7,,,1,3,3,,,,156,76,2.6000000000000005,2.37,,
1.0,1685362088569.0,,4,,,,,,2,,,,,4.360000000000001,4.220000000000001,,
5.0,1685269233513.0,6,1,,,,,1,,1,,,,,,,
8.0,1685308193650.0,90,6,4,,,,,,,,156,89,,,,
8.0,1686167752908.0,10,30,,,,,,,,,13,46,,,,
15.0,1683897659316.0,40,,,,3,,1,,,,139,,,,,
17.0,1685535851460.0,,14,2,1,1,2,2,1,,,26,151,2.42,2.4300000000000006,,
19.0,1685175466824.0,,,1,4,,1,,,,,3,10,6.119999999999999,6.280000000000002,,
20.0,1686631492063.0,,,,,,,,,,,,,,,,
2.0,1683964971755.0,,2,,2,,3,,2,,,17,14,,,,
4.0,1684941617995.0,2,,,,,,1,1,,,23,13,,,,
5.0,1684989458485.0,7,,,4,,,1,,2,,,,,,,
9.0,1686049728902.0,,18,,,1,1,1,3,7,1,54,20,,,,
12.0,1686315903877.0,,,,1,,,,,,,45,38,,,,
20.0,1686022292196.0,,,,,3,5,7,9,,5,,,,,,
1.0,1685626328477.0,,2,,,,,6,8,2,4,,,4.57,4.49,,
4.0,1684648562496.0,2,23,,,,,,,,,7,39,,,,2
6.0,1683817628616.0,,,,,,,,,,,,,,,,
11.0,1685527054679.0,,,,,1,6,,1,1,,,,6.539999999999999,6.28,,
15.0,1686576959136.0,,,,,,,,,,,,,,,,
19.0,1685356360541.0,,19,,2,,2,,5,,5,,31,7.18,7.630000000000002,,
6.0,1686510522528.0,,,,,,,,,,,,,,,,
7.0,1683714476697.0,,,,,,,,,,,,,,,,
10.0,1685119523313.0,28,58,9,1,3,8,7,5,,,116,238,,,14,
15.0,1685552760296.0,40,38,,,1,1,,,,,65,103,21.949999999999992,6.390000000000001,3,
15.0,1686585905369.0,,,,,,,,,,,,,,,,
17.0,1685293176933.0,32,6,,,8,1,5,1,,,264,59,2.41,2.380000000000001,,
19.0,1684488411752.0,7,3,,,,1,3,,7,,,15,6.67,6.210000000000001,,
1.0,1684311365543.0,,,1,,,,6,,,,1,,4.72,5.04,,
3.0,1685260529349.0,58,104,,10,,,4,2,,,110,109,,,,
4.0,1685094207057.0,1,2,,,,,1,1,,,11,29,,,,
8.0,1685186366325.0,,,,,,,,,2,1,114,16,,,,
9.0,1683894699377.0,5,,,,1,,,,,,23,,,,,
10.0,1685700213474.0,34,1,1,,2,2,3,,,,150,3,,,,
11.0,1685845195559.0,,,,1,2,1,1,,8,2,197,71,6.490000000000001,6.289999999999999,,
14.0,1686150581899.0,,,,,,,,,,,17,26,4.9,4.88,,
15.0,1686054370912.0,,,14,1,,,,,,,,,25.48,4.920000000000001,,
17.0,1685972573963.0,,18,,,1,5,1,2,,,9,121,2.4800000000000004,2.370000000000001,,
4.0,1683737067360.0,,,,,,,,,,,,,,,,
4.0,1686240158938.0,44,1,,,,,,,,,,,,,3,1
10.0,1686062567726.0,2,30,1,1,2,7,,4,,,96,123,,,,3
11.0,1683940055072.0,,,,,3,1,,1,,,1,,0.0,,,
15.0,1685295993827.0,77,56,6,,2,,,,2,,268,156,16.85,6.07,5,
4.0,1684023590084.0,104,2,,,,,,,1,,87,12,,,2,
7.0,1686057530746.0,,4,,9,,3,4,6,,,11,59,8.139999999999999,7.78,,1
8.0,1686325526174.0,,49,,,,,,,,,,70,,,,
10.0,1684860347227.0,5,2,,,6,1,1,,,,14,64,,,,
10.0,1686490580486.0,,,,,,,,,,,,,,,,
11.0,1684932756971.0,,,,,1,5,,,3,,,,,,,
18.0,1685130670270.0,,,,,2,2,3,1,2,,29,46,,,,
4.0,1685242092955.0,109,2,,2,,,3,3,,,60,40,,,1,5
8.0,1686421012028.0,,,,,,,,,,,,,,,,
9.0,1683721902624.0,,,,,,,,,,,,,,,,
10.0,1684070189259.0,1,,,,1,,,,,,71,,,,,
10.0,1685114482348.0,28,58,9,1,3,8,7,5,,,116,238,,,14,
15.0,1686229117381.0,9,50,,,1,1,,,,3,65,113,4.83,4.9,,6
15.0,1686588549879.0,,,,,,,,,,,,,,,,
17.0,1684053547438.0,4,10,,1,,2,2,4,,,77,88,2.12,2.3500000000000005,,
17.0,1685376936504.0,14,1,18,1,3,4,11,12,4,2,136,122,2.400000000000001,2.5,,
17.0,1686240531703.0,45,1,18,,1,8,10,4,,,85,23,2.38,2.3600000000000003,,
20.0,1685177610225.0,,12,,,,19,,5,,,,,,,,
1.0,1685156808750.0,1,7,,,,,2,,,,,1,78.07000000000001,134.07999999999996,,
4.0,1684038712461.0,38,104,,,,,,,,1,35,87,,,2,2
7.0,1683813641325.0,,,,,,,,,,,,,,,,
7.0,1684250274579.0,,8,,,,2,,,,,,50,8.69,8.12,,
8.0,1685034473833.0,,,,,,,,,,7,4,44,,,,
10.0,1684654812026.0,,16,,,,6,,1,,,,83,,,,
11.0,1685006346158.0,,,,19,3,7,,,,1,,,44.78,,,
15.0,1684409502334.0,,,,,1,,,,,,31,1,23.81,22.95,,
17.0,1685280705342.0,6,13,,,1,3,1,9,,,59,84,2.380000000000001,2.2300000000000004,,
17.0,1685870370544.0,1,2,,,2,5,3,1,,,63,19,2.49,2.4800000000000004,,
18.0,1685572378994.0,,,,,3,6,5,1,,,21,136,,,,
20.0,1686105579187.0,,,9,,10,3,8,7,,,,,,,,
4.0,1685367885187.0,2,,,,,,1,,,,21,,,,,
4.0,1685621263772.0,91,121,,,,,,,,,10,21,,,3,5
6.0,1685644361130.0,2,1,,,3,4,1,2,,2,30,269,,0.0,,
10.0,1685979161365.0,30,44,1,1,7,1,4,2,,,123,242,,,3,
11.0,1685635332031.0,,,,2,1,3,,,,,,,6.230000000000001,37.93000000000001,,
11.0,1686044822701.0,,,6,,1,11,,2,4,4,42,113,0.0,,,
15.0,1685186878582.0,39,122,,,2,,,,,,96,94,5.91,23.71,,6
15.0,1685367147781.0,37,77,,6,,2,,,1,2,228,268,93.1,16.85,3,5
18.0,1684081160903.0,7,,,,1,,4,,2,,63,,,,,106
1.0,1685248400755.0,1,5,,1,,,,,,,,,4.500000000000001,4.41,,
3.0,1685191375303.0,51,24,,,,,3,5,,,45,11,,,,
4.0,1684053887620.0,38,104,,,,,,,,1,35,87,,,2,2
4.0,1685012842039.0,,2,,,,,1,1,,,13,23,,,,
4.0,1685449885690.0,1,13,,16,,,,,,,3,53,,,,
7.0,1685279752339.0,2,,,,1,,1,,,,20,,7.660000000000002,7.649999999999999,,
8.0,1684683172150.0,21,59,6,,,,,,,,44,143,,,,
9.0,1685968313958.0,,74,,,1,2,,3,,4,12,95,,,,
9.0,1686064849612.0,50,,,,1,1,4,1,,7,40,54,,,,
11.0,1683883197970.0,,,,,1,,1,,,,,,,,,
11.0,1685106107965.0,,,,,2,2,,,,,,,6.29,6.38,,
17.0,1685351977007.0,1,32,1,,4,8,12,5,2,,122,264,2.5,2.41,,
17.0,1686653040060.0,,,,,,,,,,,,,,,,
17.0,1686666195583.0,,,,,,,,,,,,,,,,
3.0,1686394138248.0,,,,,,,,,,,,,,,,
4.0,1684331760852.0,34,111,1,,,,2,,,,43,59,,,,
4.0,1684753740179.0,,8,,,,,,,,,7,17,,,,
6.0,1685382940600.0,5,6,,,2,3,,2,,,61,230,,0.0,,
7.0,1683644569849.0,,,,,,,,,,,,,,,,
7.0,1683905060100.0,8,3,1,,7,3,3,1,2,3,66,47,8.58,5.69,3,
9.0,1684153907280.0,1,,,,2,,,,,,31,,,,,
9.0,1685249771961.0,24,33,,,,2,2,5,,,212,114,,,,
9.0,1686059809758.0,,18,,,1,1,1,3,7,1,54,20,,,,
11.0,1685100521294.0,,,,,2,2,,,,,,,6.29,6.38,,
14.0,1685976128138.0,1,2,,,,,,1,,,34,25,59.62,26.69,,
17.0,1686487874939.0,,,,,,,,,,,,,,,,
1.0,1684860487198.0,,,,,,,2,,,,,,4.970000000000001,5.070000000000001,,
3.0,1686146613171.0,113,134,,3,,,4,3,,,,10,,,,
4.0,1685632026094.0,167,91,1,,,,,,,,8,10,,,,3
9.0,1685854612087.0,32,63,,,,2,4,4,5,1,79,76,,,,
13.0,1686044642642.0,,,,,,,,,,,,,,,,
15.0,1685100548601.0,46,59,,,2,2,,,,,174,138,6.07,20.57,,
2.0,1684726083537.0,,,,,,1,10,,,,,,,,3,
8.0,1685897610283.0,1,24,,,,,,,4,5,1,59,,,,
11.0,1685166617688.0,,,,,2,3,,,,,,,6.260000000000001,6.72,,1
11.0,1685231014135.0,,,,,7,2,,,,,2,,6.29,6.260000000000001,,
13.0,1684931496838.0,,11,,6,1,4,,18,,1,26,117,,,,1
15.0,1684841493322.0,21,78,,,1,4,1,,,,107,148,5.99,22.380000000000003,,
15.0,1685639341181.0,59,32,,,3,,,,,,104,109,6.080000000000001,6.190000000000002,2,1
19.0,1684158088335.0,8,31,,,4,2,,9,,4,29,105,59.43,8.450000000000003,,1
8.0,1685287979093.0,90,6,4,,,,,,,,156,89,,,,
11.0,1684161244138.0,,,,,7,2,,,1,,,,,0.0,,
20.0,1685341280539.0,33,1,,6,4,18,1,37,2,2,,,,,,
3.0,1686068059800.0,134,30,3,,,,3,1,,,10,3,,,,
5.0,1683779833812.0,,,,,,,,,,,,,,,,
7.0,1683902365842.0,3,,,,3,,1,,3,,47,,5.69,,,
15.0,1684162945335.0,21,34,,,1,1,,,4,,96,153,6.08,5.98,,
15.0,1684851627026.0,21,78,,,1,4,1,,,,107,148,5.99,22.380000000000003,,
1.0,1686381925814.0,,,,,,,,,,,,,,,,
4.0,1684033672499.0,38,104,,,,,,,,1,35,87,,,2,2
4.0,1684931535692.0,,30,,,,,1,1,,,13,24,,,,
8.0,1684078309879.0,33,9,11,,,,1,,,,36,23,,,,
9.0,1683731983139.0,,,,,,,,,,,,,,,,
10.0,1685632779825.0,1,19,,1,2,3,,2,,,3,104,,,,7
12.0,1685625626155.0,,,1,12,,,,,,2,55,137,,,,
12.0,1685886188559.0,,,2,2,,,,,,,58,29,,,,
13.0,1686308910802.0,1,4,,2,1,1,,4,1,1,34,54,,,,
3.0,1686212352858.0,121,111,,,,,7,3,,,,,,,,
18.0,1685298438929.0,,,,,2,,2,,2,,60,81,,,,
19.0,1686222125709.0,3,8,,6,1,1,,3,,4,6,10,6.240000000000001,6.3,,
20.0,1684901110412.0,11,28,,5,1,7,1,,2,,,,,,,5
20.0,1685862352228.0,,13,,,2,6,,5,,4,,,,,,
1.0,1686658239840.0,,,,,,,,,,,,,,,,
4.0,1686047589724.0,13,42,,,,,1,2,,2,,,,,2,5
8.0,1685121024869.0,,,,,,,,,1,,16,87,,,,
10.0,1686475427044.0,,,,,,,,,,,,,,,,
10.0,1686553353857.0,,,,,,,,,,,,,,,,
15.0,1683816794856.0,,,,,,,,,,,,,,,,
15.0,1685275727242.0,56,68,,,,3,,,,,156,290,6.07,6.03,,
15.0,1685633815559.0,59,32,,,3,,,,,,104,109,6.080000000000001,6.190000000000002,2,1
20.0,1686461266011.0,,,,,,,,,,,,,,,,
4.0,1686044618989.0,13,42,,,,,1,2,,2,,,,,2,5
5.0,1683599930427.0,,,,,,,,,,,,,,,,
8.0,1686152631418.0,10,30,,,,,,,,,13,46,,,,
10.0,1683823537005.0,,,,,,,,,,,,,,,,
15.0,1684762808924.0,33,154,6,,,,,,,2,123,367,100.93,49.75,,7
9.0,1685839439080.0,63,,,,2,,4,,1,2,76,,,,,
17.0,1685364777810.0,1,32,1,,4,8,12,5,2,,122,264,2.5,2.41,,
19.0,1685632915694.0,11,5,4,3,1,1,3,,,,9,8,6.180000000000001,7.040000000000001,,
1.0,1685021548517.0,,1,,1,,,,3,3,,,,5.160000000000001,5.090000000000002,,
2.0,1684199954340.0,1,,8,,3,3,9,2,,,,,,,1,
3.0,1686384796112.0,,,,,,,,,,,,,,,,
4.0,1686047262299.0,13,42,,,,,1,2,,2,,,,,2,5
7.0,1684060620617.0,6,,2,1,1,2,,,1,,76,40,8.11,8.24,1,1
10.0,1684055016302.0,1,,,,1,,,,,,71,,,,,
11.0,1685239116244.0,,,,,7,2,,,,,2,,6.29,6.260000000000001,,
11.0,1685351983969.0,,,,,1,10,,,,,,,6.37,6.310000000000001,,
11.0,1685378123126.0,,,,,5,1,,,,,,,6.340000000000001,6.37,,
12.0,1685379267030.0,,,,,,,,,,,2,,,,,
12.0,1685457810791.0,,,2,,,,,,,,87,2,,,2,
12.0,1686062589384.0,,,2,,,,,,,,84,45,,,,
13.0,1686573141169.0,,,,,,,,,,,,,,,,
15.0,1684165728995.0,21,34,,,1,1,,,4,,96,153,6.08,5.98,,
15.0,1686138272149.0,12,67,,,2,3,,,,,97,182,4.88,5.079999999999998,,3
19.0,1683960235602.0,,11,,3,,5,,1,,2,42,105,8.79,,,
20.0,1685333139296.0,33,1,,6,4,18,1,37,2,2,,,,,,
4.0,1685434799012.0,1,13,,16,,,,,,,3,53,,,,
9.0,1683889658967.0,5,,,,1,,,,,,23,,,,,
11.0,1684855462808.0,,,,,5,4,,,,,,,,,,
19.0,1685251451577.0,6,27,,6,,4,,7,,8,55,76,60.82,7.370000000000001,,2
2.0,1684489046395.0,1,4,,,,5,7,1,,,5,6,,,,
3.0,1684050108495.0,39,128,,,,,,1,,,,,,,,
4.0,1685447224698.0,1,13,,16,,,,,,,3,53,,,,
7.0,1683877290749.0,3,,,,3,,1,,3,,47,,5.69,,,
11.0,1684163997425.0,,,7,,12,7,,,2,1,,,0.0,,,
11.0,1686042203826.0,,,6,,1,11,,2,4,4,42,113,0.0,,,
15.0,1684342996157.0,,54,,,,1,,,,,1,138,22.95,6.19,,
17.0,1684587246579.0,4,,,,2,,1,,,,31,,2.3400000000000007,2.36,,
20.0,1684219815461.0,2,96,,,6,1,,11,,2,,,,,,
9.0,1684163988153.0,18,1,1,,1,2,5,,,,41,31,,,1,
10.0,1685028035800.0,22,29,1,4,1,8,4,3,,,123,155,,,5,
10.0,1686059780067.0,2,30,1,1,2,7,,4,,,96,123,,,,3
11.0,1683899868879.0,,,,,1,,1,,,,,,,,,
15.0,1686330483722.0,,44,,5,,,,,,,,114,0.83,10.98,,
3.0,1686396845723.0,,,,,,,,,,,,,,,,
4.0,1685546172837.0,121,26,,,,,,,,,21,6,,,5,1
8.0,1685211672676.0,,,,,,,2,,2,2,17,114,,,,
10.0,1685958201765.0,44,35,1,,1,3,2,4,,,242,124,,,,
11.0,1686140295405.0,,,,4,1,3,,,,,78,301,0.0,,,
13.0,1686049787510.0,,,,,,,,,,,,,,,,
13.0,1686059921091.0,,,,,,,,,,,,,,,,
14.0,1685724583153.0,,,,,,,,,,,5,3,21.67,39.760000000000005,,
20.0,1686366108410.0,,,,,,,,,,,,,,,,
3.0,1686479985009.0,,,,,,,,,,,,,,,,
4.0,1684831238360.0,12,8,,,,,1,2,,5,15,43,,,,
6.0,1685279982029.0,,,,,,,,1,,,,,0.0,,,
10.0,1685952518471.0,44,35,1,,1,3,2,4,,,242,124,,,,
10.0,1686069861878.0,143,2,4,1,1,2,8,,,,338,96,,,,
11.0,1686129425356.0,,,,4,1,3,,,,,78,301,0.0,,,
15.0,1685362107097.0,37,77,,6,,2,,,1,2,228,268,93.1,16.85,3,5
20.0,1684051702705.0,11,74,,,,5,,9,,,,,,,,
20.0,1686302381086.0,,,,,5,6,12,3,,,,,,,,
6.0,1686318215283.0,1,1,,,1,1,1,,,,73,45,,,,
8.0,1685115932412.0,,,,,,,,,1,,16,87,,,,
9.0,1685254864610.0,24,33,,,,2,2,5,,,212,114,,,,
10.0,1685805467486.0,4,2,2,,3,2,,,,,15,136,,,,
11.0,1683946147199.0,,,,,3,1,,1,,,1,,0.0,,,
14.0,1686303608018.0,2,,5,,,,,,,,54,3,10.98,4.9,,
4.0,1686135905919.0,,113,,,,,1,1,,,,,,,2,3
8.0,1684063189511.0,9,,,,,,,,,,23,,,,,
11.0,1685871004182.0,,,,,1,2,,1,4,8,8,197,6.28,6.490000000000001,,
18.0,1685125629794.0,,,,,2,2,3,1,2,,29,46,,,,
20.0,1684243079204.0,2,96,,,6,1,,11,,2,,,,,,
1.0,1685463918505.0,1,1,,,,,1,2,,,,,4.550000000000001,4.450000000000001,,
4.0,1684628399571.0,23,9,,10,,,,1,,,39,52,,,2,5
15.0,1684075701262.0,,,,,,,,,,,,,21.86,41.30999999999998,,
17.0,1684243071696.0,9,9,,,2,4,,5,,,83,81,2.1,2.2600000000000007,,
17.0,1685277266182.0,6,13,,,1,3,1,9,,,59,84,2.380000000000001,2.2300000000000004,,
19.0,1684330762424.0,12,,,,2,,,,,,14,,6.390000000000001,6.100000000000001,,
1.0,1686440112854.0,,,,,,,,,,,,,,,,
1.0,1686558555603.0,,,,,,,,,,,,,,,,
3.0,1685796505694.0,31,54,,,,,2,2,,,21,28,,,,
7.0,1684322689190.0,1,,,,2,,,,,,23,,8.209999999999999,8.69,,
7.0,1684339102428.0,1,1,,,,2,1,,,,39,23,8.3,8.209999999999999,,
11.0,1685161065156.0,,,,,2,3,,,,,,,6.260000000000001,6.72,,1
13.0,1686141153481.0,2,5,,3,1,2,1,4,1,1,56,115,,,,7
14.0,1686236764310.0,,,,,,,,,,,3,56,4.9,4.83,,
17.0,1686414191092.0,,,,,,,,,,,,,,,,
4.0,1685624983364.0,91,121,,,,,,,,,10,21,,,3,5
4.0,1685792441848.0,2,80,,,,,1,2,,,,,,,,1
7.0,1683723181295.0,,,,,,,,,,,,,,,,
7.0,1686326627842.0,,10,,,,3,,12,,,,58,,2.72,,
8.0,1684175431696.0,17,39,,,,,,,,,25,64,,,,
8.0,1684251725622.0,27,75,,,,,,,,2,32,103,,,,
8.0,1684866838211.0,4,36,,,,,,,1,,40,63,,,,
11.0,1684406047827.0,,,,,3,11,,1,,2,1,,,0.0,,
16.0,1684149546297.0,5,1,,4,1,1,,,,,158,149,5.98,43.56999999999999,,
17.0,1685538549206.0,,14,2,1,1,2,2,1,,,26,151,2.42,2.4300000000000006,,
17.0,1685544221105.0,,14,2,1,1,2,2,1,,,26,151,2.42,2.4300000000000006,,
17.0,1686566617153.0,,,,,,,,,,,,,,,,
17.0,1686577914901.0,,,,,,,,,,,,,,,,
19.0,1684414159807.0,7,5,,,1,1,,,,1,75,27,6.480000000000002,6.39,,
1.0,1686468461724.0,,,,,,,,,,,,,,,,
4.0,1685542597909.0,26,155,,,,,,3,,2,6,29,,,1,2
7.0,1685203667774.0,,3,,,,2,,1,,,,53,7.649999999999999,7.629999999999998,,
10.0,1684514734322.0,11,12,,,2,4,2,2,,,46,136,,,,
13.0,1685714190504.0,3,4,1,,,1,1,5,2,,118,69,,,,
15.0,1684665837784.0,75,39,1,1,,6,,,,,150,88,5.970000000000001,35.25999999999999,2,2
3.0,1684767193880.0,85,2,,,,,5,5,,,236,141,,,,
4.0,1685166987314.0,2,4,2,,,,3,4,,,40,41,,,5,2
11.0,1685546912779.0,,,7,,7,1,1,,9,1,,,6.16,6.539999999999999,,
11.0,1685839777517.0,,,,1,2,1,1,,8,2,197,71,6.490000000000001,6.289999999999999,,
14.0,1685874037878.0,3,,,,,,,,,,5,6,4.9,20.49,,
8.0,1684165432544.0,17,39,,,,,,,,,25,64,,,,
9.0,1685849571599.0,32,63,,,,2,4,4,5,1,79,76,,,,
15.0,1685036732070.0,59,31,,,2,,,,,,138,116,20.57,6.07,,
19.0,1684935658972.0,7,5,,,3,3,,,,,19,6,6.17,6.21,,
20.0,1686540046440.0,,,,,,,,,,,,,,,,
1.0,1684638403664.0,,,,1,,,2,1,4,2,,,5.190000000000001,5.08,,
2.0,1684210087576.0,,1,,8,,3,1,9,,,,,,,,1
4.0,1684255435231.0,111,84,,,,,,,,,59,55,,,,4
4.0,1684653603956.0,2,23,,,,,,,,,7,39,,,,2
4.0,1685458443659.0,1,13,,16,,,,,,,3,53,,,,
4.0,1685964839797.0,47,72,,,,,1,,,,,,,,1,1
6.0,1684074687921.0,,5,,,,1,,,,,,30,0.0,,,
7.0,1683910092865.0,8,3,1,,7,3,3,1,2,3,66,47,8.58,5.69,3,
15.0,1686574316779.0,,,,,,,,,,,,,,,,
20.0,1686544578911.0,,,,,,,,,,,,,,,,
2.0,1684377831973.0,2,2,3,,5,,10,11,,,,,,,,
4.0,1685634677501.0,167,91,1,,,,,,,,8,10,,,,3
7.0,1684667214326.0,3,12,1,18,3,10,,17,,,39,179,,,,10
7.0,1686143808920.0,3,3,,,3,3,4,3,,,24,37,7.82,7.98,,
13.0,1685444850689.0,,8,,1,1,1,3,17,,,46,110,,,,
17.0,1685260526394.0,6,13,,,1,3,1,9,,,59,84,2.380000000000001,2.2300000000000004,,
17.0,1685719850879.0,17,5,5,,10,6,7,2,2,,157,206,2.5200000000000005,2.4300000000000006,,
17.0,1686228336781.0,1,21,,,8,1,4,3,,,23,156,2.3600000000000003,2.6000000000000005,,
18.0,1685999727633.0,,,,,,2,,3,,,,144,,,,1
20.0,1684748823623.0,59,48,1,2,,2,1,14,2,4,,,,,,
9.0,1685028080639.0,56,5,4,11,2,5,3,,,,60,101,,,,
11.0,1685168852150.0,,,,,2,3,,,,,,,6.260000000000001,6.72,,1
11.0,1685771088902.0,,,1,8,1,16,,1,2,2,71,181,6.289999999999999,6.789999999999999,,
15.0,1684682360396.0,154,75,,1,,,,,2,,367,150,49.75,5.970000000000001,7,2
19.0,1685534629279.0,2,12,1,2,1,1,2,4,,1,15,60,7.739999999999999,6.41,,
1.0,1684147348374.0,,2,5,,1,5,3,2,,,,,4.67,4.42,1,
9.0,1686367913270.0,,,,,,,,,,,,,,,,
18.0,1684096251494.0,7,,,,1,,4,,2,,63,,,,,106
20.0,1683873593635.0,33,,,,6,,2,,,,,,,,11,
20.0,1685256898575.0,,43,,,,3,,15,,,,,,,,
2.0,1686232159098.0,,5,,9,,3,,9,,,37,105,,,,5
4.0,1685626723211.0,91,121,,,,,,,,,10,21,,,3,5
7.0,1684330938760.0,1,,,,2,,,,,,23,,8.209999999999999,8.69,,
8.0,1685039514234.0,,,,,,,,,,7,4,44,,,,
11.0,1685449488282.0,,,,,3,5,,,2,,,,6.35,6.340000000000001,,
15.0,1684768167212.0,78,33,,6,4,,,,,,148,123,22.380000000000003,100.93,,
17.0,1686647999846.0,,,,,,,,,,,,,,,,
19.0,1684076799623.0,31,3,,3,2,,9,2,4,,105,9,8.450000000000003,55.72999999999999,1,
1.0,1684301143264.0,,,1,,,,6,,,,1,,4.72,5.04,,
2.0,1686367675411.0,,,,,,,,,,,,,,,,
4.0,1683884617926.0,1,,,,,,,,,,11,,,,,
4.0,1684494433451.0,48,17,,,,,1,,1,,39,9,,,1,1
4.0,1685146772875.0,4,1,,,,,4,1,,,41,11,,,2,
7.0,1684167904994.0,4,3,,,4,1,2,,,,46,35,8.309999999999999,8.129999999999999,,1
8.0,1684765297963.0,1,21,,6,,,,,7,,2,44,,,,
10.0,1686584977883.0,,,,,,,,,,,,,,,,
15.0,1684244065131.0,92,21,,,1,1,,,,4,155,96,8.89,6.08,,
17.0,1684512912141.0,,5,,,,8,,2,,,,28,2.36,2.2300000000000004,,
17.0,1686504396294.0,,,,,,,,,,,,,,,,
20.0,1686292709441.0,,,,,5,6,12,3,,,,,,,,
3.0,1686149751903.0,113,134,,3,,,4,3,,,,10,,,,
5.0,1685350178294.0,2,18,4,6,,,,,,1,7,,,,,
6.0,1686257014485.0,1,2,,,1,1,,8,,4,45,124,,0.0,,
7.0,1684594763027.0,6,2,7,5,6,9,2,,1,,58,74,45.38,39.35,1,2
7.0,1685118006153.0,10,1,,,1,4,2,,,,123,26,3.650000000000001,,,
8.0,1685456396085.0,30,25,13,,,,,,2,,67,55,,,,
10.0,1686485540095.0,,,,,,,,,,,,,,,,
11.0,1685243995684.0,,,,,2,7,,,,,,2,6.440000000000001,6.29,,
14.0,1686390703061.0,,,,,,,,,,,,,,0.83,,
17.0,1685621060299.0,10,22,1,22,4,5,2,,2,,153,199,2.45,2.4900000000000007,,
17.0,1685626868871.0,10,22,1,22,4,5,2,,2,,153,199,2.45,2.4900000000000007,,
20.0,1684989733557.0,38,50,,,5,10,7,4,,2,,,,,,4
20.0,1686564922143.0,,,,,,,,,,,,,,,,
4.0,1683803250871.0,,,,,,,,,,,,,,,,
4.0,1685089166095.0,1,2,,,,,1,1,,,11,29,,,,
5.0,1683794318267.0,,,,,,,,,,,,,,,,
9.0,1685023040310.0,5,13,11,,5,2,,1,,,101,17,,,,
9.0,1685259957352.0,24,33,,,,2,2,5,,,212,114,,,,
15.0,1686502072768.0,,,,,,,,,,,,,,,,
16.0,1685460696081.0,29,10,,,2,,,,,,75,113,18.55,6.0,2,
17.0,1684427702905.0,6,12,,,1,2,2,,,,91,102,2.2400000000000007,2.9000000000000004,,
19.0,1685248793144.0,6,27,,6,,4,,7,,8,55,76,60.82,7.370000000000001,,2
3.0,1686485709512.0,,,,,,,,,,,,,,,,
8.0,1685201487113.0,,,,,,,2,,2,2,17,114,,,,
11.0,1684534789209.0,,,,,6,6,,,,,,,0.0,,,
17.0,1684257055950.0,8,9,,,2,2,1,,3,,62,83,2.2600000000000007,2.1,,
20.0,1684226865592.0,2,96,,,6,1,,11,,2,,,,,,
20.0,1684229562363.0,2,96,,,6,1,,11,,2,,,,,,
3.0,1685715524351.0,108,20,,,,,5,1,,,40,24,,,,
4.0,1683650789334.0,,,,,,,,,,,,,,,,
4.0,1684418167845.0,86,260,,,,,1,1,1,1,62,117,,,1,
4.0,1686150183632.0,149,,,,,,,1,,,,,,,8,2
6.0,1684259721934.0,1,,,,4,2,1,1,,,39,123,,0.0,,
8.0,1685024393130.0,,,,5,,,,,7,,44,10,,,,
9.0,1685148204412.0,28,,,,3,2,3,,,,121,28,,,,
9.0,1685546457588.0,24,1,,,1,1,6,,,,26,26,,,,
11.0,1685011386425.0,,,,19,3,7,,,,1,,,44.78,,,
11.0,1686147877458.0,,,,4,1,3,,,,,78,301,0.0,,,
19.0,1683965276186.0,,11,,3,,5,,1,,2,42,105,8.79,,,
20.0,1684074981808.0,11,74,,,,5,,9,,,,,,,,
20.0,1684740955178.0,59,48,1,2,,2,1,14,2,4,,,,,,
20.0,1685871167492.0,,13,,,2,6,,5,,4,,,,,,
1.0,1685453680701.0,1,,,1,,,2,4,,,,,4.450000000000001,4.460000000000001,,
2.0,1684205047279.0,1,,8,,3,3,9,2,,,,,,,1,
2.0,1684469283372.0,1,4,,,,5,7,1,,,5,6,,,,
3.0,1685705733701.0,108,20,,,,,5,1,,,40,24,,,,
7.0,1684744398210.0,1,10,,3,2,5,,14,,,27,117,,,,
10.0,1686405394608.0,,,,,,,,,,,,,,,,
11.0,1683885962454.0,,,,,1,,1,,,,,,,,,
17.0,1684343662755.0,8,7,1,,4,1,7,1,,,141,85,2.290000000000001,22.880000000000003,,
8.0,1684770390479.0,7,1,,,,,,,,7,7,2,,,,
10.0,1686039565473.0,2,30,1,1,2,7,,4,,,96,123,,,,3
10.0,1686410486889.0,,,,,,,,,,,,,,,,
11.0,1685455000778.0,,,,,3,5,,,2,,,,6.35,6.340000000000001,,
15.0,1684160223481.0,34,40,,4,1,1,,,,,153,147,5.98,43.56999999999999,,
16.0,1684416469558.0,,,,,1,,,,,,29,4,23.81,22.95,,
18.0,1686152352637.0,,,,,10,3,13,2,,,70,20,,,,
20.0,1683968082705.0,25,41,,,2,13,2,9,,3,,,,,,1
20.0,1684827834932.0,32,84,,2,3,5,2,6,2,7,,,,,5,8
4.0,1685104289476.0,1,2,,,,,1,1,,,11,29,,,,
4.0,1685172028227.0,2,4,2,,,,3,4,,,40,41,,,5,2
4.0,1686130864839.0,,113,,,,,1,1,,,,,,,2,3
8.0,1685049648111.0,,,,,,,,,,7,4,44,,,,
9.0,1686319011934.0,1,29,,11,1,1,,4,,2,14,45,,,,
11.0,1683610216815.0,,,,,,,,,,,,,,,,
11.0,1686060572205.0,,,6,,1,11,,2,4,4,42,113,0.0,,,
15.0,1686069053726.0,67,,,14,3,,,,,,182,,5.079999999999998,25.48,3,
20.0,1684069546164.0,11,74,,,,5,,9,,,,,,,,
3.0,1685544718160.0,55,,,,,,1,,,,53,,,,,
4.0,1685177068760.0,2,4,2,,,,3,4,,,40,41,,,5,2
6.0,1686074122416.0,9,2,,,4,2,8,1,2,,104,62,,0.0,,
7.0,1683725824066.0,,,,,,,,,,,,,,,,
11.0,1685110932309.0,,,,,2,2,,,,,,,6.29,6.38,,
11.0,1686222744782.0,,,,2,5,6,1,,,3,146,92,38.79,,,
13.0,1685627759075.0,2,6,,2,1,5,1,11,1,1,57,92,,,,
16.0,1683820564778.0,,,,,,,,,,,,,,,,
16.0,1685963999373.0,,,,,,,,1,,,,,59.62,26.69,,
3.0,1686387506712.0,,,,,,,,,,,,,,,,
9.0,1685234598808.0,33,17,,1,2,,5,1,,1,114,168,,,,
11.0,1684152988603.0,,,,,7,2,,,1,,,,,0.0,,
15.0,1684070024357.0,,,,,,,,,,,,,21.86,41.30999999999998,,
15.0,1686488702249.0,,,,,,,,,,,,,,,,
16.0,1686491521555.0,,,,,,,,,,,,,,,,
17.0,1685634887726.0,32,10,1,1,3,4,10,2,2,2,177,153,2.4400000000000004,2.45,,
19.0,1684153047571.0,8,31,,,4,2,,9,,4,29,105,59.43,8.450000000000003,,1
7.0,1684336246877.0,1,1,,,,2,1,,,,39,23,8.3,8.209999999999999,,
12.0,1684963168294.0,,,1,,,,,,,,54,39,,,,
19.0,1683970316686.0,,11,,3,,5,,1,,2,42,105,8.79,,,
7.0,1684495593026.0,,,1,1,4,1,1,,,,23,12,8.36,8.26,,
7.0,1684688170812.0,10,3,3,1,5,3,14,,,,117,39,,,,
7.0,1685718740708.0,7,3,11,,3,2,8,6,5,,50,27,90.34,38.349999999999994,,
11.0,1683647187040.0,,,,,,,,,,,,,,,,
11.0,1684429828860.0,,,4,,1,3,,,,,1,1,0.0,,,
11.0,1684849718542.0,,,,10,4,5,,,,,,,,,,
15.0,1684168682619.0,21,34,,,1,1,,,4,,96,153,6.08,5.98,,
17.0,1683974288957.0,3,1,,,1,3,3,1,1,,49,4,2.4300000000000006,1.9400000000000008,,
17.0,1685265446010.0,6,13,,,1,3,1,9,,,59,84,2.380000000000001,2.2300000000000004,,
4.0,1684763738014.0,,8,,,,,,,,,7,17,,,,
4.0,1684926678692.0,,30,,,,,1,1,,,13,24,,,,
4.0,1685455487316.0,1,13,,16,,,,,,,3,53,,,,
4.0,1685757435491.0,80,15,,,,,2,1,,,,,,,1,1
6.0,1686500388810.0,,,,,,,,,,,,,,,,
11.0,1685452247548.0,,,,,3,5,,,2,,,,6.35,6.340000000000001,,
11.0,1685853798755.0,,,,,1,2,,1,4,8,8,197,6.28,6.490000000000001,,
11.0,1685976350510.0,,,,6,,3,,2,5,4,140,88,2.1500000000000004,6.4,,
13.0,1686065013606.0,5,,3,,2,,4,,1,,115,,,,7,
13.0,1686400426446.0,,,,,,,,,,,,,,,,
16.0,1683908258919.0,1,0,,,1,3,,1,,,131,142,5.020000000000001,,,
19.0,1685443992338.0,7,13,,2,1,2,2,6,,1,7,83,7.289999999999998,7.19,,1
19.0,1686575891188.0,,,,,,,,,,,,,,,,
4.0,1684428249878.0,17,86,,,,,,1,,1,9,62,,,1,1
4.0,1686047475450.0,13,42,,,,,1,2,,2,,,,,2,5
5.0,1686026238849.0,1,3,,2,,,1,1,,,,2,,,,1
11.0,1684321700809.0,,,,6,2,11,1,,,2,,,,0.0,,
14.0,1684329127479.0,6,14,,,,,,,,,33,14,6.19,30.17,,
15.0,1686580545908.0,,,,,,,,,,,,,,,,
1.0,1685751599919.0,,,,,,,2,2,,7,,,4.07,143.3,,
1.0,1686572687896.0,,,,,,,,,,,,,,,,
3.0,1685692678097.0,108,20,,,,,5,1,,,40,24,,,,
3.0,1686402261635.0,,,,,,,,,,,,,,,,
7.0,1683887717887.0,3,,,,3,,1,,3,,47,,5.69,,,
7.0,1686667181012.0,,,,,,,,,,,,,,,,
8.0,1684160391480.0,39,33,,11,,,,1,,,64,36,,,,
8.0,1685816395552.0,2,41,9,,,,,,1,2,2,56,,,,
11.0,1683630746592.0,,,,,,,,,,,,,,,,
11.0,1686142950018.0,,,,4,1,3,,,,,78,301,0.0,,,
13.0,1684235682813.0,2,10,127,106,2,8,1,6,,,44,92,,,,
15.0,1683730809646.0,,,,,,,,,,,,,,,,
17.0,1684422662579.0,6,12,,,1,2,2,,,,91,102,2.2400000000000007,2.9000000000000004,,
7.0,1684151538296.0,3,5,,,1,2,,2,,2,35,90,8.129999999999999,8.200000000000001,1,3
8.0,1683997016838.0,,4,,,,,,,,8,,7,,,,
8.0,1684083350544.0,33,9,11,,,,1,,,,36,23,,,,
11.0,1685629643888.0,,,2,7,3,7,,1,,9,,,37.93000000000001,6.16,,
11.0,1686054901837.0,,,6,,1,11,,2,4,4,42,113,0.0,,,
11.0,1686228901877.0,,,,2,5,6,1,,,3,146,92,38.79,,,
12.0,1686485980208.0,,,,,,,,,,,,,,,,
14.0,1684326432190.0,6,14,,,,,,,,,33,14,6.19,30.17,,
15.0,1684668388494.0,75,39,1,1,,6,,,,,150,88,5.970000000000001,35.25999999999999,2,2
15.0,1685630931036.0,32,40,,,,1,,,,,109,65,6.190000000000002,21.949999999999992,1,3
2.0,1684982646090.0,3,,3,,3,,1,,,,8,,,,,
3.0,1685635988142.0,20,58,,,,,1,3,,,24,34,,,,
4.0,1684043754388.0,38,104,,,,,,,,1,35,87,,,2,2
4.0,1685109330442.0,1,2,,,,,1,1,,,11,29,,,,
7.0,1686226360136.0,4,7,,1,2,3,4,6,3,2,25,56,7.87,7.82,,4
11.0,1684416819917.0,,,,,3,11,,1,,2,1,,,0.0,,
11.0,1685364925522.0,,,,,1,10,,,,,,,6.37,6.310000000000001,,
11.0,1685892180429.0,,,6,,3,1,2,,4,4,88,8,6.4,6.28,,
11.0,1686048215279.0,,,6,,1,11,,2,4,4,42,113,0.0,,,
12.0,1685104826931.0,,,,2,,,,,,2,72,50,,,2,
13.0,1684854042854.0,11,5,6,1,4,2,18,4,1,,117,61,,,1,
20.0,1685244002720.0,,43,,,,3,,15,,,,,,,,
5.0,1683605656274.0,,,,,,,,,,,,,,,,
5.0,1685243977681.0,6,1,,,,,1,,1,,,,,,,
8.0,1684353193463.0,4,34,9,,,,,1,,3,4,69,,,,
11.0,1686302381500.0,,,,11,,3,,,2,,34,119,6.5600000000000005,6.38,,
15.0,1686322428865.0,44,48,5,,,1,,,,,114,125,10.98,4.9,,
20.0,1684994786721.0,38,50,,,5,10,7,4,,2,,,,,,4
4.0,1685099248384.0,1,2,,,,,1,1,,,11,29,,,,
4.0,1686226936044.0,1,149,,,,,,,,,,,,,1,8
7.0,1683992696876.0,,6,1,,2,,,4,,,40,55,8.24,8.120000000000001,1,
7.0,1684057977923.0,6,,2,1,1,2,,,1,,76,40,8.11,8.24,1,1
15.0,1684671119261.0,75,39,1,1,,6,,,,,150,88,5.970000000000001,35.25999999999999,2,2
17.0,1685623710879.0,10,22,1,22,4,5,2,,2,,153,199,2.45,2.4900000000000007,,
18.0,1684169577185.0,1,7,,,6,3,2,1,,,58,156,,,,
20.0,1683877687567.0,33,,,,6,,2,,,,,,,,11,
20.0,1684924012383.0,11,28,,5,1,7,1,,2,,,,,,,5
2.0,1684566448583.0,,2,,,,4,,8,,,2,8,,,,
2.0,1684723442724.0,,,,,1,2,,2,,,,,,,,
2.0,1685498989076.0,,,,,1,,,,,,7,,,,,
3.0,1686152471461.0,111,113,,,,,3,4,,,,,,,,
9.0,1684341833657.0,34,1,,,1,1,5,,,,43,21,,,,
11.0,1683821768672.0,,,,,,,,,,,,,,,,
15.0,1685202052374.0,68,39,,,3,2,,,,,290,96,6.03,5.91,,
20.0,1686033874876.0,,,,,3,5,7,9,,5,,,,,,
4.0,1684048847082.0,38,104,,,,,,,,1,35,87,,,2,2
4.0,1685151864683.0,4,1,,,,,4,1,,,41,11,,,2,
7.0,1684154196982.0,3,5,,,1,2,,2,,2,35,90,8.129999999999999,8.200000000000001,1,3
15.0,1684083755357.0,40,,4,,1,,,,,,147,,43.56999999999999,21.86,,
17.0,1685368809979.0,1,32,1,,4,8,12,5,2,,122,264,2.5,2.41,,
19.0,1686657583404.0,,,,,,,,,,,,,,,,
20.0,1683960010041.0,25,41,,,2,13,2,9,,3,,,,,,1
5.0,1684979376678.0,,,4,,,,,,,,,,,,,
6.0,1684084769175.0,2,,,,3,,3,,,,136,,,0.0,,
7.0,1684583743298.0,6,2,7,5,6,9,2,,1,,58,74,45.38,39.35,1,2
7.0,1685107924086.0,1,,,,4,1,,2,,,26,5,,,,
8.0,1684434642157.0,8,57,6,,,,,,,6,21,105,,,,
9.0,1686439181415.0,,,,,,,,,,,,,,,,
11.0,1685525047567.0,,,,,1,6,,1,1,,,,6.539999999999999,6.28,,
13.0,1684848950410.0,5,12,1,,2,4,4,3,,,61,96,,,,
15.0,1684937776772.0,49,39,,,1,1,,,,,142,104,5.760000000000001,5.980000000000001,1,1
16.0,1685969039503.0,,,,,,,,1,,,,,59.62,26.69,,
17.0,1684340556104.0,8,7,1,,4,1,7,1,,,141,85,2.290000000000001,22.880000000000003,,
19.0,1686314641399.0,7,3,1,1,1,1,,6,,2,9,12,7.31,6.150000000000002,,
4.0,1683899740500.0,1,,,,,,,,,,11,,,,,
8.0,1685303153194.0,90,6,4,,,,,,,,156,89,,,,
3.0,1686584487321.0,,,,,,,,,,,,,,,,
4.0,1684557644724.0,9,102,10,,,,1,,,1,52,71,,,5,
4.0,1685347677660.0,2,,,,,,1,,,,21,,,,,
4.0,1685971813106.0,47,72,,,,,1,,,,,,,,1,1
7.0,1686155414260.0,7,3,1,,3,3,6,4,2,,56,24,7.82,7.82,4,
8.0,1685979788771.0,7,18,,,,,,,1,,12,33,,,,
11.0,1685720729474.0,,,8,4,16,8,1,,2,2,181,,6.789999999999999,6.360000000000001,,1
12.0,1686320996646.0,,,,1,,,,,,,45,38,,,,
14.0,1686666765572.0,,,,,,,,,,,,,,,,
18.0,1684181775437.0,1,7,,,6,3,2,1,,,58,156,,,,
1.0,1685534997090.0,2,1,6,,,,4,1,3,,,,4.5600000000000005,4.550000000000001,1,
2.0,1684484005879.0,1,4,,,,5,7,1,,,5,6,,,,
16.0,1683987104134.0,2,1,,,2,1,,,,,168,131,6.31,5.020000000000001,1,
17.0,1684336236399.0,8,7,1,,4,1,7,1,,,141,85,2.290000000000001,22.880000000000003,,
17.0,1684665840883.0,11,9,1,2,1,3,1,4,,2,87,54,2.47,2.28,,
20.0,1685268064106.0,,43,,,,3,,15,,,,,,,,
3.0,1686138541210.0,113,134,,3,,,4,3,,,,10,,,,
4.0,1685965908267.0,47,72,,,,,1,,,,,,,,1,1
4.0,1686060947638.0,13,42,,,,,1,2,,2,,,,,2,5
8.0,1685126065300.0,,,,,,,,,1,,16,87,,,,
16.0,1683995294270.0,,2,,,,2,,,,,,168,41.30999999999998,6.31,,1
18.0,1685577419408.0,,,,,3,6,5,1,,,21,136,,,,
20.0,1685938062779.0,,,,8,8,22,7,39,4,4,,,,,,
4.0,1684638480708.0,2,23,,,,,,,,,7,39,,,,2
4.0,1685443645821.0,1,13,,16,,,,,,,3,53,,,,
6.0,1684565784150.0,8,,,,2,,4,,,,115,,0.0,,,
6.0,1684582611407.0,8,,,,2,,4,,,,115,,0.0,,,
11.0,1685361740558.0,,,,,1,10,,,,,,,6.37,6.310000000000001,,
18.0,1686009808855.0,,,,,,2,,3,,,,144,,,,1
2.0,1686373439605.0,,,,,,,,,,,,,,,,
3.0,1685376265461.0,7,69,,,,,1,4,,,14,158,,,,
4.0,1685027963376.0,2,,,,,,1,1,,,29,13,,,,
9.0,1685153297330.0,28,,,,3,2,3,,,,121,28,,,,
9.0,1685460002466.0,23,4,,,1,1,6,,,,17,107,,,,
10.0,1685205837059.0,18,22,,3,2,1,11,4,4,,189,232,,,,2
11.0,1685979121134.0,,,,,11,,2,,4,5,113,140,,2.1500000000000004,,
14.0,1683820565578.0,,,,,,,,,,,,,,,,
15.0,1686231943468.0,9,50,,,1,1,,,,3,65,113,4.83,4.9,,6
17.0,1685629567753.0,10,22,1,22,4,5,2,,2,,153,199,2.45,2.4900000000000007,,
18.0,1685567338411.0,,,,,3,6,5,1,,,21,136,,,,
20.0,1683987794606.0,25,41,,,2,13,2,9,,3,,,,,,1
2.0,1686228516794.0,,5,,9,,3,,9,,,37,105,,,,5
4.0,1684321678582.0,34,111,1,,,,2,,,,43,59,,,,
4.0,1684562035954.0,9,102,10,,,,1,,,1,52,71,,,5,
4.0,1684643550428.0,2,23,,,,,,,,,7,39,,,,2
8.0,1684953172008.0,,,5,,,,,,,3,10,91,,,,
8.0,1685542797549.0,7,17,,,,,,,,,10,18,,,,
8.0,1686502387776.0,,,,,,,,,,,,,,,,
9.0,1686649472681.0,,,,,,,,,,,,,,,,
10.0,1683716883612.0,,,,,,,,,,,,,,,,
15.0,1684072882513.0,,,,,,,,,,,,,21.86,41.30999999999998,,
15.0,1685466317865.0,60,21,,,2,,,,,,75,113,18.55,6.0,2,
15.0,1685537481302.0,38,60,,,1,2,,,,,103,75,6.390000000000001,18.55,,2
20.0,1686641625267.0,,,,,,,,,,,,,,,,
8.0,1684871879079.0,4,36,,,,,,,1,,40,63,,,,
10.0,1685869573549.0,38,4,,2,,3,,,,,179,15,,,6,
15.0,1684846586155.0,21,78,,,1,4,1,,,,107,148,5.99,22.380000000000003,,
15.0,1685625487603.0,32,40,,,,1,,,,,109,65,6.190000000000002,21.949999999999992,1,3
17.0,1685110581792.0,3,13,,,8,2,1,3,,1,14,157,2.3000000000000003,2.3600000000000003,,
17.0,1685637550104.0,32,10,1,1,3,4,10,2,2,2,177,153,2.4400000000000004,2.45,,
1.0,1686043201874.0,,,,,,,2,1,2,,,,4.610000000000001,3.97,,
4.0,1685708975018.0,15,167,,1,,,1,,,,,8,,,1,
7.0,1683810980483.0,,,,,,,,,,,,,,,,
7.0,1684683130050.0,10,3,3,1,5,3,14,,,,117,39,,,,
17.0,1685271660475.0,6,13,,,1,3,1,9,,,59,84,2.380000000000001,2.2300000000000004,,
20.0,1684224054742.0,2,96,,,6,1,,11,,2,,,,,,
1.0,1684217886858.0,,2,1,1,,,,5,,,,,5.2,5.16,,
1.0,1685771615558.0,1,,,,,,4,2,2,,,,147.88,4.07,,
1.0,1686327324371.0,,4,,,,,,6,,2,,,,64.28,,
2.0,1684123631395.0,,14,,,3,13,2,23,,,,16,,,,2
2.0,1684380473908.0,,2,,3,,5,3,10,,,,,,,,
3.0,1686141572491.0,113,134,,3,,,4,3,,,,10,,,,
6.0,1683812587740.0,,,,,,,,,,,,,,,,
6.0,1686505481951.0,,,,,,,,,,,,,,,,
9.0,1684240310497.0,1,18,,1,1,1,,5,,,25,41,,,,1
11.0,1683816728395.0,,,,,,,,,,,,,,,,
13.0,1684504620214.0,2,6,,3,2,1,4,5,2,2,86,72,,,,
15.0,1685461277389.0,60,21,,,2,,,,,,75,113,18.55,6.0,2,
15.0,1686150378342.0,50,12,,,1,2,,,3,,113,97,4.9,4.88,6,
16.0,1684431590619.0,10,,,,2,1,,,,,143,29,22.30999999999999,23.81,,
20.0,1683889634080.0,33,,,,6,,2,,,,,,,,11,
2.0,1685168914525.0,6,,8,6,8,7,5,16,,,,1,,,,
8.0,1684088390102.0,33,9,11,,,,1,,,,36,23,,,,
9.0,1683726943470.0,,,,,,,,,,,,,,,,
9.0,1683943660844.0,24,5,,,1,1,,,,,48,23,,,,
10.0,1684659847529.0,,16,,,,6,,1,,,,83,,,,
11.0,1685370292027.0,,,,,1,10,,,,,,,6.37,6.310000000000001,,
16.0,1683805528709.0,,,,,,,,,,,,,,,,
17.0,1685005669622.0,5,5,,,3,1,,,,,87,48,2.3200000000000003,2.2600000000000007,,
8.0,1685029433686.0,,,,,,,,,,7,4,44,,,,
9.0,1686659553862.0,,,,,,,,,,,,,,,,
10.0,1684428226043.0,9,,,,2,,1,,2,,97,,,,11,
11.0,1686057864105.0,,,6,,1,11,,2,4,4,42,113,0.0,,,
15.0,1685451239265.0,21,73,,,,4,,,,,113,223,6.0,26.88000000000001,,3
17.0,1685525005410.0,,14,2,1,1,2,2,1,,,26,151,2.42,2.4300000000000006,,
17.0,1685809108604.0,2,14,,,5,5,1,2,,,19,125,2.4800000000000004,2.3800000000000003,,
17.0,1686658080290.0,,,,,,,,,,,,,,,,
20.0,1685846464178.0,13,32,,,6,,5,,4,,,,,,,
1.0,1685529904536.0,2,1,6,,,,4,1,3,,,,4.5600000000000005,4.550000000000001,1,
8.0,1684007150295.0,,4,,,,,,,,8,,7,,,,
17.0,1684328216070.0,7,8,,,1,2,1,1,,3,85,62,22.880000000000003,2.2600000000000007,,
20.0,1686112299384.0,,,,9,3,10,10,8,,,,,,,,
7.0,1684328291635.0,1,,,,2,,,,,,23,,8.209999999999999,8.69,,
7.0,1686231400681.0,4,7,,1,2,3,4,6,3,2,25,56,7.87,7.82,,4
9.0,1686308930821.0,1,29,,11,1,1,,4,,2,14,45,,,,
10.0,1686036396881.0,2,30,1,1,2,7,,4,,,96,123,,,,3
11.0,1685754515580.0,,,8,4,16,8,1,,2,2,181,,6.789999999999999,6.360000000000001,,1
15.0,1684252013669.0,58,92,,,1,1,,,,,107,155,30.17,8.89,,
17.0,1686145347932.0,7,8,,1,3,4,,5,,,76,83,2.37,2.74,,
19.0,1685622835318.0,5,14,3,7,1,3,,4,,,8,38,7.040000000000001,6.680000000000001,,
10.0,1686064820678.0,143,2,4,1,1,2,8,,,,338,96,,,,
11.0,1685108753887.0,,,,,2,2,,,,,,,6.29,6.38,,
12.0,1685991365730.0,,,,,,,,,,,45,48,,,,
15.0,1685377228645.0,73,37,,,4,,,,,1,223,228,26.88000000000001,93.1,3,3
18.0,1684111372298.0,7,,,,1,,4,,2,,63,,,,,106
1.0,1686058479712.0,,,,,,,2,1,2,,,,4.610000000000001,3.97,,
4.0,1685969110309.0,47,72,,,,,1,,,,,,,,1,1
8.0,1684668051317.0,59,1,,8,,,,,,5,143,13,,,,
10.0,1684763625396.0,8,41,,8,3,6,2,4,,4,72,150,,,,1
11.0,1685968128913.0,,,,6,,3,,2,5,4,140,88,2.1500000000000004,6.4,,
13.0,1686131076691.0,2,5,,3,1,2,1,4,1,1,56,115,,,,7
17.0,1685546866052.0,22,,22,2,5,1,,2,,,199,26,2.4900000000000007,2.42,,
7.0,1685708659704.0,3,6,,4,2,9,6,12,,,27,31,38.349999999999994,7.54,,
9.0,1684250390622.0,13,1,,,1,1,2,,,,32,25,,,1,
10.0,1685017902030.0,29,,4,,8,,3,,,,155,,,,,
14.0,1684587764819.0,40,36,1,,,,,,,,96,43,25.66,24.07,,
15.0,1685197012073.0,39,122,,,2,,,,,,96,94,5.91,23.71,,6
17.0,1684420020126.0,12,8,,1,2,4,,7,,,102,141,2.9000000000000004,2.290000000000001,,
18.0,1684343148092.0,2,9,,,1,11,,5,,2,8,99,,,,
4.0,1685765865555.0,2,80,,,,,1,2,,,,,,,,1
5.0,1683596998123.0,,,,,,,,,,,,,,,,
5.0,1683769752682.0,,,,,,,,,,,,,,,,
5.0,1685762352709.0,,5,2,,,,,,,,,1,,,,
11.0,1685704689455.0,,,4,,8,1,,,2,,,,6.360000000000001,6.230000000000001,1,
12.0,1685715947533.0,,,,,,,,,,2,36,83,,,,1
15.0,1685622693701.0,32,40,,,,1,,,,,109,65,6.190000000000002,21.949999999999992,1,3
17.0,1684322931056.0,7,8,,,1,2,1,1,,3,85,62,22.880000000000003,2.2600000000000007,,
1.0,1685863475788.0,,1,,1,,,2,7,3,,,,4.320000000000001,92.92,,
2.0,1686488027680.0,,,,,,,,,,,,,,,,
3.0,1683899766276.0,,,,,,,,,,,,,,,,
4.0,1685701539439.0,15,167,,1,,,1,,,,,8,,,1,
8.0,1685293072312.0,90,6,4,,,,,,,,156,89,,,,
11.0,1684937471536.0,,,,,1,5,,,3,,,,,,,
11.0,1686150664573.0,,,2,,6,1,,,3,,92,78,,0.0,,
14.0,1686234076825.0,,,,,,,,,,,56,17,4.83,4.9,,
15.0,1683735850159.0,,,,,,,,,,,,,,,,
15.0,1683820084979.0,,,,,,,,,,,,,,,,
17.0,1684081827888.0,14,4,1,,10,,3,2,,,57,77,2.2600000000000007,2.12,,
1.0,1686123130031.0,1,2,1,2,,,3,13,,1,,,93.97,115.45,,
3.0,1686125384815.0,113,134,,3,,,4,3,,,,10,,,,
9.0,1684331752945.0,1,13,,,1,1,,2,,,21,32,,,,1
11.0,1685455069842.0,,,,,3,5,,,2,,,,6.35,6.340000000000001,,
12.0,1685114908475.0,,,10,,,,,,,,89,72,,,,2
17.0,1683903362884.0,26,,,,1,,1,,,,229,,,,,
19.0,1684751803186.0,7,32,,5,1,10,2,2,,,6,43,62.47,6.120000000000001,,
1.0,1686443631824.0,,,,,,,,,,,,,,,,
15.0,1684947857641.0,17,49,,,4,1,,,,,88,142,6.0600000000000005,5.760000000000001,,1
17.0,1685362058033.0,1,32,1,,4,8,12,5,2,,122,264,2.5,2.41,,
10.0,1685185644809.0,22,28,3,9,1,3,4,7,,,232,116,,,2,14
11.0,1685357850248.0,,,,,1,10,,,,,,,6.37,6.310000000000001,,
16.0,1684331618221.0,5,11,,,1,1,,,,,134,115,6.19,30.17,,
19.0,1683890693844.0,,,,,,,,,,,,,,,,
11.0,1684245628069.0,,,,7,2,12,,,,2,,,,0.0,,
11.0,1686241717409.0,,,11,,3,5,,1,,,119,146,6.38,38.79,,
13.0,1686659640835.0,,,,,,,,,,,,,,,,
15.0,1685352026541.0,37,77,,6,,2,,,1,2,228,268,93.1,16.85,3,5
17.0,1685706016273.0,5,32,,1,6,3,2,10,,2,206,177,2.4300000000000006,2.4400000000000004,,
17.0,1686495558246.0,,,,,,,,,,,,,,,,
17.0,1686499355165.0,,,,,,,,,,,,,,,,
19.0,1684320682142.0,12,,,,2,,,,,,14,,6.390000000000001,6.100000000000001,,
3.0,1685170330378.0,51,24,,,,,3,5,,,45,11,,,,
3.0,1685182643625.0,51,24,,,,,3,5,,,45,11,,,,
4.0,1683823414789.0,,,,,,,,,,,,,,,,
15.0,1686066411175.0,67,,,14,3,,,,,,182,,5.079999999999998,25.48,3,
20.0,1685943152527.0,,,,8,8,22,7,39,4,4,,,,,,
2.0,1685495958347.0,,,,,1,,,,,,7,,,,,
2.0,1686378584920.0,,,,,,,,,,,,,,,,
3.0,1684935863510.0,116,4,,,,,,,,,126,3,,,,
4.0,1683635667924.0,,,,,,,,,,,,,,,,
4.0,1684567077467.0,9,102,10,,,,1,,,1,52,71,,,5,
4.0,1685874361142.0,4,3,,,,,2,2,,,,,,,1,1
6.0,1686170609800.0,4,2,,,3,1,2,4,2,,50,247,,0.0,,
11.0,1684649664693.0,,,,,1,2,,,,,,,,,,
11.0,1685454505095.0,,,,,3,5,,,2,,,,6.35,6.340000000000001,,
13.0,1685536346657.0,1,8,,1,1,4,2,4,,,50,108,,,,
20.0,1685443697125.0,25,55,,,1,1,10,4,3,4,,,,,,
1.0,1684251142987.0,,,,1,,,,,,,,,5.04,5.2,,
9.0,1684158947642.0,1,,,,2,,,,,,31,,,,,
11.0,1685022871795.0,,,,19,3,7,,,,1,,,44.78,,,
11.0,1685354635691.0,,,,,1,10,,,,,,,6.37,6.310000000000001,,
12.0,1686230589388.0,,,1,3,,,,,,,82,7,,,1,
13.0,1686649455561.0,,,,,,,,,,,,,,,,
17.0,1683827042409.0,,,,,,,,,,,,,,,,
1.0,1684023600436.0,1,,,6,12,,,11,,,,,70.99000000000001,79.55999999999999,,
4.0,1684499474744.0,48,17,,,,,1,,1,,39,9,,,1,1
4.0,1685697113427.0,15,167,,1,,,1,,,,,8,,,1,
4.0,1685976854025.0,47,72,,,,,1,,,,,,,,1,1
4.0,1686145150192.0,,113,,,,,1,1,,,,,,,2,3
5.0,1685507889666.0,5,,4,,,,1,,,,1,,,,,
8.0,1684348100932.0,4,34,9,,,,,1,,3,4,69,,,,
11.0,1684019574762.0,,,,,,3,,,,,,,0.0,,,
15.0,1683814951639.0,,,,,,,,,,,,,,,,
18.0,1684271778691.0,,5,,,3,6,1,1,,,37,170,,,,
18.0,1686068368361.0,,1,,,3,5,,2,,,34,58,,,,
20.0,1685246698157.0,,43,,,,3,,15,,,,,,,,
1.0,1686231810799.0,,3,,,,,2,2,2,2,,,4.160000000000001,4.089999999999999,,
2.0,1684556368206.0,,2,,,,4,,8,,,2,8,,,,
4.0,1684413126919.0,86,260,,,,,1,1,1,1,62,117,,,1,
7.0,1684490234353.0,,,1,1,4,1,1,,,,23,12,8.36,8.26,,
11.0,1685163811821.0,,,,,2,3,,,,,,,6.260000000000001,6.72,,1
11.0,1685541391240.0,,,,,1,6,,1,1,,,,6.539999999999999,6.28,,
11.0,1685744382227.0,,,8,4,16,8,1,,2,2,181,,6.789999999999999,6.360000000000001,,1
12.0,1685720988265.0,,,,,,,,,,,30,36,,,1,
15.0,1683814725312.0,,,,,,,,,,,,,,,,
1.0,1686053387063.0,,,,,,,2,1,2,,,,4.610000000000001,3.97,,
3.0,1685882223630.0,27,37,3,2,,,1,4,,,62,37,,,,
3.0,1686649512679.0,,,,,,,,,,,,,,,,
4.0,1684841065677.0,12,8,,,,,1,2,,5,15,43,,,,
4.0,1685618565650.0,91,121,,,,,,,,,10,21,,,3,5
10.0,1683813402823.0,,,,,,,,,,,,,,,,
11.0,1684024615774.0,,,,,,3,,,,,,,0.0,,,
11.0,1684498033543.0,,,,4,6,1,,,,,,1,,0.0,,
13.0,1685795649596.0,,11,,13,1,3,2,7,,2,39,259,,,,
15.0,1684422737338.0,29,,,,2,1,,,,,137,31,22.30999999999999,23.81,,
16.0,1685722073543.0,,62,,,,2,,,,,,117,21.67,39.760000000000005,,
20.0,1684056744055.0,11,74,,,,5,,9,,,,,,,,
20.0,1685172511949.0,,12,,,,19,,5,,,,,,,,
20.0,1686650116100.0,,,,,,,,,,,,,,,,
4.0,1684504514771.0,48,17,,,,,1,,1,,39,9,,,1,1
4.0,1686155226936.0,149,,,,,,,1,,,,,,,8,2
8.0,1684002109675.0,,4,,,,,,,,8,,7,,,,
10.0,1683737149349.0,,,,,,,,,,,,,,,,
10.0,1684049975400.0,1,,,,1,,,,,,71,,,,,
10.0,1685719285987.0,6,34,7,1,3,2,5,3,,,66,150,,,,
11.0,1683740001226.0,,,,,,,,,,,,,,,,
12.0,1685483014663.0,,,19,2,,,,,4,,141,87,,,1,2
13.0,1685277169327.0,,,,,,,,,,,,,,,,
14.0,1685887063422.0,3,,,,,,,,,,5,6,4.9,20.49,,
15.0,1684660463273.0,75,39,1,1,,6,,,,,150,88,5.970000000000001,35.25999999999999,2,2
15.0,1684673879475.0,75,39,1,1,,6,,,,,150,88,5.970000000000001,35.25999999999999,2,2
15.0,1684836655973.0,21,78,,,1,4,1,,,,107,148,5.99,22.380000000000003,,
17.0,1685890375478.0,1,2,,,2,5,3,1,,,63,19,2.49,2.4800000000000004,,
1.0,1684043867732.0,2,1,,,2,12,,,3,,,,4.52,70.99000000000001,,
5.0,1684918595174.0,,,,,,,,,,,,,,,,
7.0,1683803192991.0,,,,,,,,,,,,,,,,
10.0,1683996212519.0,,32,,,,4,,,,,,145,,,,
11.0,1684332621462.0,,,,6,2,11,1,,,2,,,,0.0,,
11.0,1686236676145.0,,,11,,3,5,,1,,,119,146,6.38,38.79,,
19.0,1686565543686.0,,,,,,,,,,,,,,,,
4.0,1685615916000.0,91,121,,,,,,,,,10,21,,,3,5
8.0,1685639272481.0,2,15,,,,,,,,,5,15,,,,
9.0,1683938620545.0,24,5,,,1,1,,,,,48,23,,,,
9.0,1685536324411.0,1,23,,,1,1,,6,,,26,17,,,,
9.0,1686373005686.0,,,,,,,,,,,,,,,,
11.0,1685249882949.0,,,,,2,7,,,,,,2,6.440000000000001,6.29,,
12.0,1684356072332.0,,,8,1,,,,,,,52,32,,,,
17.0,1685611172611.0,10,22,1,22,4,5,2,,2,,153,199,2.45,2.4900000000000007,,
3.0,1686240577826.0,7,121,,,,,2,7,,,,,,,,
3.0,1686558361894.0,,,,,,,,,,,,,,,,
4.0,1684403045141.0,86,260,,,,,1,1,1,1,62,117,,,1,
4.0,1684546997742.0,102,48,,,,,,1,1,1,71,39,,,,1
9.0,1683933580274.0,24,5,,,1,1,,,,,48,23,,,,
11.0,1684548241376.0,,,,,6,6,,,,,,,0.0,,,
13.0,1685027974694.0,7,1,3,,1,1,4,1,2,,68,34,,,,
15.0,1685031560537.0,59,31,,,2,,,,,,138,116,20.57,6.07,,
16.0,1683984462534.0,2,1,,,2,1,,,,,168,131,6.31,5.020000000000001,1,
17.0,1685618365744.0,10,22,1,22,4,5,2,,2,,153,199,2.45,2.4900000000000007,,
4.0,1685002760803.0,,2,,,,,1,1,,,13,23,,,,
5.0,1684211917040.0,,,3,,,,,1,,,,5,,,,
8.0,1685461436276.0,17,30,,13,,,,,,2,18,67,,,,
9.0,1685859653063.0,32,63,,,,2,4,4,5,1,79,76,,,,
10.0,1684075282588.0,1,,,,1,,,,,,71,,,,,
11.0,1683635787765.0,,,,,,,,,,,,,,,,
11.0,1684231702757.0,,,,7,2,12,,,,2,,,,0.0,,
17.0,1683995584622.0,10,3,1,,2,1,4,3,,1,88,49,2.3500000000000005,2.4300000000000006,,
17.0,1685374241955.0,14,1,18,1,3,4,11,12,4,2,136,122,2.400000000000001,2.5,,
17.0,1685379598004.0,14,1,18,1,3,4,11,12,4,2,136,122,2.400000000000001,2.5,,
20.0,1685953338067.0,,,,8,8,22,7,39,4,4,,,,,,
2.0,1685501873315.0,,,,,1,,,,,,7,,,,,
2.0,1686264705038.0,,,3,,,,2,,,,31,37,,,,
5.0,1684984417643.0,7,,,4,,,1,,2,,,,,,,
12.0,1686491020942.0,,,,,,,,,,,,,,,,
15.0,1684942817118.0,17,49,,,4,1,,,,,88,142,6.0600000000000005,5.760000000000001,,1
16.0,1684159626317.0,5,1,,4,1,1,,,,,158,149,5.98,43.56999999999999,,
16.0,1685801275860.0,,,,,,,,,,,,,23.290000000000006,21.67,,
3.0,1686051210915.0,30,37,,,,,1,2,,,3,7,,,,
4.0,1684572118044.0,9,102,10,,,,1,,,1,52,71,,,5,
5.0,1684466030910.0,,5,,4,,,,1,,2,3,2,,,1,
6.0,1686058999766.0,2,,,,2,,1,1,,,62,,0.0,,,
7.0,1684252887274.0,,8,,,,2,,,,,,50,8.69,8.12,,
7.0,1686316547324.0,10,3,,,3,2,12,4,,,58,29,2.72,7.9,,
8.0,1685563011143.0,17,7,,,,,,,5,,22,10,,,,
11.0,1683805169820.0,,,,,,,,,,,,,,,,
17.0,1685530299206.0,,14,2,1,1,2,2,1,,,26,151,2.42,2.4300000000000006,,
4.0,1685017882776.0,,2,,,,,1,1,,,13,23,,,,
7.0,1684672505880.0,3,12,1,18,3,10,,17,,,39,179,,,,10
8.0,1686401049287.0,,,,,,,,,,,,,,,,
10.0,1684255323531.0,,7,,,,1,,,,,,95,,,,
15.0,1683808055725.0,,,,,,,,,,,,,,,,
15.0,1685547667601.0,40,38,,,1,1,,,,,65,103,21.949999999999992,6.390000000000001,3,
19.0,1683895917557.0,,,,,,,,,,,,,,,,
20.0,1685503411327.0,53,45,,,4,15,3,4,,3,,,,,,
4.0,1684326719687.0,34,111,1,,,,2,,,,43,59,,,,
4.0,1686065989055.0,113,13,,,,,1,1,,,,,,,3,2
7.0,1683719820205.0,,,,,,,,,,,,,,,,
9.0,1685099243008.0,,56,,4,2,2,,3,,,28,60,,,,
9.0,1685844531458.0,63,,,,2,,4,,1,2,76,,,,,
10.0,1685722806524.0,6,34,7,1,3,2,5,3,,,66,150,,,,
11.0,1683942980065.0,,,,,3,1,,1,,,1,,0.0,,,
13.0,1685363616011.0,,11,,5,1,3,1,4,1,3,92,116,,,,9
14.0,1685629106902.0,1,1,,,,,,,,,31,3,6.190000000000002,21.949999999999992,,
5.0,1685157579446.0,,,,,,,,,,,,,,,,
8.0,1686076190626.0,24,18,2,,,,,,,7,35,40,,,,
11.0,1685460439369.0,,,,,6,3,1,,,2,,,6.28,6.35,,
11.0,1686063367996.0,,,6,,1,11,,2,4,4,42,113,0.0,,,
15.0,1686309801587.0,44,48,5,,,1,,,,,114,125,10.98,4.9,,
17.0,1685031505117.0,13,5,,,2,3,3,,1,,157,87,2.3600000000000003,2.3200000000000003,,
19.0,1684749115673.0,7,32,,5,1,10,2,2,,,6,43,62.47,6.120000000000001,,
3.0,1686471393908.0,,,,,,,,,,,,,,,,
3.0,1686563781392.0,,,,,,,,,,,,,,,,
11.0,1685465479561.0,,,,,6,3,1,,,2,,,6.28,6.35,,
11.0,1685696498230.0,,,4,,8,1,,,2,,,,6.360000000000001,6.230000000000001,1,
18.0,1686004767888.0,,,,,,2,,3,,,,144,,,,1
20.0,1684143806195.0,12,87,,,,2,3,10,,17,,,,,,
1.0,1685233175378.0,5,1,1,,,,,2,,,,,4.41,78.07000000000001,,
4.0,1684408085756.0,86,260,,,,,1,1,1,1,62,117,,,1,
11.0,1684538159110.0,,,,,6,6,,,,,,,0.0,,,
11.0,1684845566453.0,,,,10,4,5,,,,,,,,,,
13.0,1685790504942.0,,11,,13,1,3,2,7,,2,39,259,,,,
15.0,1685290901163.0,77,56,6,,2,,,,2,,268,156,16.85,6.07,5,
20.0,1684135355035.0,12,87,,,,2,3,10,,17,,,,,,
20.0,1685079077298.0,46,33,,4,2,5,,9,2,,,,,,,
20.0,1686197188075.0,,,,,6,11,,6,,,,,,,,
1.0,1686530196587.0,,,,,,,,,,,,,,,,
4.0,1684423208665.0,17,86,,,,,,1,,1,9,62,,,1,1
4.0,1685022922855.0,,2,,,,,1,1,,,13,23,,,,
11.0,1684030619350.0,,,,,,3,,,,,,,0.0,,,
11.0,1684930108958.0,,,,,1,5,,,3,,,,,,,
15.0,1683814519165.0,,,,,,,,,,,,,,,,
17.0,1683984621615.0,3,1,,,1,3,3,1,1,,49,4,2.4300000000000006,1.9400000000000008,,
18.0,1684165193992.0,1,7,,,6,3,2,1,,,58,156,,,,
1.0,1684151529651.0,,2,5,,1,5,3,2,,,,,4.67,4.42,1,
3.0,1685973475807.0,42,51,2,,,,3,4,,,9,27,,,,
9.0,1686237596322.0,29,2,11,,1,2,4,1,2,,45,44,,,,
11.0,1685544191045.0,,,,,1,6,,1,1,,,,6.539999999999999,6.28,,
11.0,1686054811224.0,,,6,,1,11,,2,4,4,42,113,0.0,,,
17.0,1686477794557.0,,,,,,,,,,,,,,,,
19.0,1685441287615.0,7,13,,2,1,2,2,6,,1,7,83,7.289999999999998,7.19,,1
3.0,1684920756665.0,116,4,,,,,,,,,126,3,,,,
3.0,1685774625895.0,31,54,,,,,2,2,,,21,28,,,,
4.0,1684169085902.0,124,46,,,,,,,3,,67,47,,,2,2
4.0,1684648657173.0,2,23,,,,,,,,,7,39,,,,2
4.0,1685761654301.0,2,80,,,,,1,2,,,,,,,,1
5.0,1683784874579.0,,,,,,,,,,,,,,,,
11.0,1683933227149.0,,,,,3,1,,1,,,1,,0.0,,,
17.0,1685008581212.0,5,5,,,3,1,,,,,87,48,2.3200000000000003,2.2600000000000007,,
18.0,1685562297950.0,,,,,3,6,5,1,,,21,136,,,,
1.0,1685258533820.0,1,5,,1,,,,,,,,,4.500000000000001,4.41,,
3.0,1685782413549.0,31,54,,,,,2,2,,,21,28,,,,
4.0,1683620389349.0,,,,,,,,,,,,,,,,
4.0,1685362515723.0,2,,,,,,1,,,,21,,,,,
4.0,1685532166586.0,26,155,,,,,,3,,2,6,29,,,1,2
7.0,1684767256660.0,1,10,,3,2,5,,14,,,27,117,,,,
10.0,1685983404563.0,30,44,1,1,7,1,4,2,,,123,242,,,3,
17.0,1686064570784.0,8,13,1,,4,,5,7,,,83,88,2.74,2.4800000000000004,,
19.0,1684051679658.0,3,36,3,5,,4,2,9,,12,9,120,55.72999999999999,9.429999999999998,,
19.0,1686144209741.0,6,9,4,3,1,3,,3,,2,8,18,6.2,6.5500000000000025,,
1.0,1684020972940.0,1,,,6,12,,,11,,,,,70.99000000000001,79.55999999999999,,
4.0,1683560989115.0,,,,,,,,,,,,,,,,
9.0,1685778297553.0,,,,,,,,,2,1,,,,,,
10.0,1684163965328.0,8,20,,,3,1,,,,,19,133,,,,
15.0,1685021479401.0,31,17,,,,4,,,,,116,88,6.07,6.0600000000000005,,
15.0,1686155418513.0,50,12,,,1,2,,,3,,113,97,4.9,4.88,6,
15.0,1686318715762.0,44,48,5,,,1,,,,,114,125,10.98,4.9,,
17.0,1684251596120.0,8,9,,,2,2,1,,3,,62,83,2.2600000000000007,2.1,,
18.0,1685288357932.0,,,,,2,,2,,2,,60,81,,,,
3.0,1683887968255.0,,,,,,,,,,,,,,,,
3.0,1686064250277.0,134,30,3,,,,3,1,,,10,3,,,,
11.0,1686132732391.0,,,,4,1,3,,,,,78,301,0.0,,,
13.0,1685358523672.0,,11,,5,1,3,1,4,1,3,92,116,,,,9
15.0,1686144802082.0,12,67,,,2,3,,,,,97,182,4.88,5.079999999999998,,3
3.0,1686555641654.0,,,,,,,,,,,,,,,,
4.0,1685539949165.0,26,155,,,,,,3,,2,6,29,,,1,2
6.0,1684069646619.0,,5,,,,1,,,,,,30,0.0,,,
7.0,1683717382524.0,,,,,,,,,,,,,,,,
8.0,1683916335569.0,14,3,,3,,2,,2,,1,26,5,,,,
11.0,1684543199484.0,,,,,6,6,,,,,,,0.0,,,
11.0,1685019321835.0,,,,19,3,7,,,,1,,,44.78,,,
11.0,1685981420360.0,,,,,11,,2,,4,5,113,140,,2.1500000000000004,,
19.0,1686660267865.0,,,,,,,,,,,,,,,,
1.0,1686063624393.0,2,,2,,,,13,2,1,2,,,115.45,4.610000000000001,,
3.0,1686318643134.0,124,7,,,,,10,2,,,,,,,,
4.0,1685376776887.0,13,2,16,,,,,1,,,53,21,,,,
4.0,1685629377650.0,91,121,,,,,,,,,10,21,,,3,5
10.0,1686044605810.0,2,30,1,1,2,7,,4,,,96,123,,,,3
11.0,1685441552121.0,,,,,3,5,,,2,,,,6.35,6.340000000000001,,
12.0,1685544989736.0,,,2,19,,,,,2,4,45,141,,,,1
12.0,1685640747809.0,,,,1,,,,,2,,83,55,,,1,
13.0,1686481774072.0,,,,,,,,,,,,,,,,
17.0,1685615606930.0,10,22,1,22,4,5,2,,2,,153,199,2.45,2.4900000000000007,,
2.0,1686301290378.0,,,,3,,,,2,,,14,31,,,,
7.0,1685630359719.0,5,,,,2,1,3,,,,36,4,7.57,7.56,,
7.0,1685798126880.0,5,7,,11,6,3,1,8,,5,36,50,8.24,90.34,,
11.0,1685016427101.0,,,,19,3,7,,,,1,,,44.78,,,
12.0,1685816346078.0,,,2,2,,,,,,,29,81,,,,2
15.0,1685456237333.0,21,73,,,,4,,,,,113,223,6.0,26.88000000000001,,3
18.0,1685466207455.0,,,,,1,2,4,3,3,2,21,115,,,,
19.0,1685007100219.0,7,12,,4,3,1,,2,,2,30,35,6.209999999999999,6.200000000000001,,2
9.0,1685012917096.0,5,13,11,,5,2,,1,,,101,17,,,,
13.0,1686054828983.0,,,,,,,,,,,,,,,,
15.0,1684757446845.0,33,154,6,,,,,,,2,123,367,100.93,49.75,,7
15.0,1685026519977.0,31,17,,,,4,,,,,116,88,6.07,6.0600000000000005,,
15.0,1685120815348.0,122,46,,,,2,,,,,94,174,23.71,6.07,6,
17.0,1686140307625.0,7,8,,1,3,4,,5,,,76,83,2.37,2.74,,
3.0,1685791412671.0,31,54,,,,,2,2,,,21,28,,,,
6.0,1684064605817.0,,5,,,,1,,,,,,30,0.0,,,
6.0,1686461991674.0,,,,,,,,,,,,,,,,
7.0,1683813789514.0,,,,,,,,,,,,,,,,
8.0,1686162712369.0,10,30,,,,,,,,,13,46,,,,
10.0,1685948984326.0,44,35,1,,1,3,2,4,,,242,124,,,,
16.0,1684426557526.0,10,,,,2,1,,,,,143,29,22.30999999999999,23.81,,
17.0,1684160914054.0,5,14,,1,2,10,3,3,,,51,57,2.22,2.2600000000000007,,
19.0,1683955195407.0,,11,,3,,5,,1,,2,42,105,8.79,,,
20.0,1685865146104.0,,13,,,2,6,,5,,4,,,,,,
10.0,1683732056653.0,,,,,,,,,,,,,,,,
15.0,1685270686668.0,56,68,,,,3,,,,,156,290,6.07,6.03,,
17.0,1684168614149.0,9,5,,,4,2,5,3,,,81,51,2.2600000000000007,2.22,,
18.0,1684276819925.0,,5,,,3,6,1,1,,,37,170,,,,
4.0,1684921401402.0,,30,,,,,1,1,,,13,24,,,,
4.0,1685461213794.0,155,1,,,,,3,,2,,29,3,,,2,
6.0,1685774141361.0,,4,,,5,3,3,,,,91,56,0.0,,,
11.0,1683812995017.0,,,,,,,,,,,,,,,,
14.0,1684678465420.0,27,34,,,,,,,,,64,60,5.970000000000001,35.25999999999999,,
15.0,1684067298165.0,,,,,,,,,,,,,21.86,41.30999999999998,,
15.0,1684238727502.0,92,21,,,1,1,,,,4,155,96,8.89,6.08,,
18.0,1684176734864.0,1,7,,,6,3,2,1,,,58,156,,,,
7.0,1683717277867.0,,,,,,,,,,,,,,,,
10.0,1684768665609.0,16,8,,,1,3,1,2,,,109,72,,,16,
11.0,1684318889926.0,,,,6,2,11,1,,,2,,,,0.0,,
11.0,1686042325956.0,,,6,,1,11,,2,4,4,42,113,0.0,,,
17.0,1684414202327.0,12,8,,1,2,4,,7,,,102,141,2.9000000000000004,2.290000000000001,,
11.0,1685154409480.0,,,,,3,2,,,,,,,6.72,6.29,1,
15.0,1686057330586.0,,,14,1,,,,,,,,,25.48,4.920000000000001,,
17.0,1686048200913.0,13,13,,1,,2,7,4,,,88,74,2.4800000000000004,2.550000000000001,,
18.0,1684266738130.0,,5,,,3,6,1,1,,,37,170,,,,
2.0,1686382971894.0,,,,,,,,,,,,,,,,
5.0,1683861207183.0,687,,2,,,,2,,,,,,,,,
6.0,1685789169586.0,,4,,,5,3,3,,,,91,56,0.0,,,
9.0,1684030065149.0,1,,,,1,,,,,,8,27,,,,
11.0,1683807902215.0,,,,,,,,,,,,,,,,
15.0,1684256425817.0,58,92,,,1,1,,,,,107,155,30.17,8.89,,
17.0,1685290439266.0,32,6,,,8,1,5,1,,,264,59,2.41,2.380000000000001,,
3.0,1685967120342.0,42,51,2,,,,3,4,,,9,27,,,,
4.0,1685458547867.0,1,13,,16,,,,,,,3,53,,,,
5.0,1685162674530.0,,,,,,,,,,,,,,,,
15.0,1684676575175.0,75,39,1,1,,6,,,,,150,88,5.970000000000001,35.25999999999999,2,2
19.0,1685163147187.0,,,1,4,,1,,,,,3,10,6.119999999999999,6.280000000000002,,
19.0,1686394102481.0,,,,,,,,,,,,,,0.79,,
9.0,1684413115184.0,7,34,,,1,1,,5,,,38,43,,,,
19.0,1686311999090.0,7,3,1,1,1,1,,6,,2,9,12,7.31,6.150000000000002,,
4.0,1686036046428.0,13,42,,,,,1,2,,2,,,,,2,5
5.0,1685929797554.0,12,30,1,3,,,,4,,,3,4,,,3,
6.0,1683651436670.0,,,,,,,,,,,,,,,,
7.0,1685965238512.0,3,10,2,,3,2,2,13,,2,31,87,7.949999999999999,7.87,,
8.0,1686061236045.0,18,7,,,,,,,7,1,40,12,,,,
11.0,1686231635422.0,,,,2,5,6,1,,,3,146,92,38.79,,,
20.0,1685262028303.0,,43,,,,3,,15,,,,,,,,
2.0,1685504789262.0,5,,3,,1,1,1,,,,65,7,,,1,
6.0,1685254778655.0,,,,,,,,1,,,,,0.0,,,
19.0,1686139676630.0,6,9,4,3,1,3,,3,,2,8,18,6.2,6.5500000000000025,,
4.0,1683640708144.0,,,,,,,,,,,,,,,,
4.0,1684748646519.0,,8,,,,,,,,,7,17,,,,
4.0,1685156905716.0,2,4,2,,,,3,4,,,40,41,,,5,2
4.0,1686126655749.0,,113,,,,,1,1,,,,,,,2,3
7.0,1684675446678.0,3,12,1,18,3,10,,17,,,39,179,,,,10
7.0,1686585815179.0,,,,,,,,,,,,,,,,
11.0,1685031036847.0,,,,,2,3,,,,,,,6.38,44.78,,
11.0,1685103144875.0,,,,,2,2,,,,,,,6.29,6.38,,
17.0,1684582206214.0,4,,,,2,,1,,,,31,,2.3400000000000007,2.36,,
3.0,1685969886002.0,42,51,2,,,,3,4,,,9,27,,,,
3.0,1685977725246.0,37,42,,2,,,2,3,,,7,9,,,,
9.0,1685104284078.0,,56,,4,2,2,,3,,,28,60,,,,
10.0,1685891204435.0,35,38,,,3,,4,,,,124,179,,,,6
19.0,1684559989148.0,9,37,,5,2,10,9,13,3,2,,3,112.84,7.820000000000002,,1
20.0,1685511458984.0,53,45,,,4,15,3,4,,3,,,,,,
1.0,1685443495890.0,1,,,1,,,2,4,,,,,4.450000000000001,4.460000000000001,,
2.0,1683862058989.0,1,,,,2,,3,,,,,,,,,
2.0,1686130754583.0,,,,,,,,,,,,,,,,
3.0,1684938514575.0,116,4,,,,,,,,,126,3,,,,
3.0,1685173122152.0,51,24,,,,,3,5,,,45,11,,,,
7.0,1685274711564.0,2,,,,1,,1,,,,20,,7.660000000000002,7.649999999999999,,
8.0,1686157672279.0,10,30,,,,,,,,,13,46,,,,
10.0,1686642435305.0,,,,,,,,,,,,,,,,
11.0,1683802342575.0,,,,,,,,,,,,,,,,
11.0,1684649825400.0,,,,,1,2,,,,,,,,,,
11.0,1685701988514.0,,,4,,8,1,,,2,,,,6.360000000000001,6.230000000000001,1,
13.0,1686385200661.0,,,,,,,,,,,,,,,,
13.0,1686563060370.0,,,,,,,,,,,,,,,,
14.0,1684414931540.0,12,15,,,,,,,,,33,34,23.81,22.95,,
20.0,1685182774996.0,,12,,,,19,,5,,,,,,,,
2.0,1686314391117.0,,,,3,,,,2,,,14,31,,,,
3.0,1685873455610.0,27,37,3,2,,,1,4,,,62,37,,,,
4.0,1684341842877.0,260,34,,1,,,1,2,1,,117,43,,,,
7.0,1684050294996.0,6,,2,1,1,2,,,1,,76,40,8.11,8.24,1,1
8.0,1686497295838.0,,,,,,,,,,,,,,,,
11.0,1685632588767.0,,,,2,1,3,,,,,,,6.230000000000001,37.93000000000001,,
15.0,1684597714023.0,39,,1,,6,,,,,,88,,35.25999999999999,25.66,2,
16.0,1684068192618.0,,,,,,,,,,,,,21.86,41.30999999999998,,
17.0,1686332707259.0,,30,,,,1,,7,,,,,0.27,2.6100000000000003,,
19.0,1685351022001.0,,19,,2,,2,,5,,5,,31,7.18,7.630000000000002,,
2.0,1684042311004.0,,2,,,,5,,7,,,,14,,,,
3.0,1686382047633.0,,,,,,,,,,,,,,,,
4.0,1684856238870.0,30,12,,,,,1,1,,,24,15,,,,
9.0,1686357834072.0,,1,,,,1,,,,,,14,,,,
11.0,1685538314492.0,,,,,1,6,,1,1,,,,6.539999999999999,6.28,,
13.0,1685099352484.0,1,7,,3,2,1,1,4,,2,48,68,,,6,
15.0,1686226360600.0,9,50,,,1,1,,,,3,65,113,4.83,4.9,,6
17.0,1685632238039.0,32,10,1,1,3,4,10,2,2,2,177,153,2.4400000000000004,2.45,,
19.0,1685103406599.0,4,9,2,2,2,3,,5,,2,1,22,7.250000000000001,6.560000000000001,,1
1.0,1684323427292.0,,,1,,,,6,,,,1,,4.72,5.04,,
4.0,1684851199258.0,12,8,,,,,1,2,,5,15,43,,,,
4.0,1685452757582.0,1,13,,16,,,,,,,3,53,,,,
10.0,1685022994771.0,29,,4,,8,,3,,,,155,,,,,
11.0,1685973534482.0,,,,6,,3,,2,5,4,140,88,2.1500000000000004,6.4,,
13.0,1684494479432.0,2,6,,3,2,1,4,5,2,2,86,72,,,,
15.0,1684427670666.0,29,,,,2,1,,,,,137,31,22.30999999999999,23.81,,
15.0,1685207092972.0,68,39,,,3,2,,,,,290,96,6.03,5.91,,
15.0,1686496625643.0,,,,,,,,,,,,,,,,
20.0,1684061783935.0,11,74,,,,5,,9,,,,,,,,
7.0,1685703620631.0,3,6,,4,2,9,6,12,,,27,31,38.349999999999994,7.54,,
9.0,1685244731633.0,24,33,,,,2,2,5,,,212,114,,,,
10.0,1683711843280.0,,,,,,,,,,,,,,,,
14.0,1685892103912.0,2,3,,,,,1,,,,25,5,26.69,4.9,,
16.0,1684434232798.0,10,,,,2,1,,,,,143,29,22.30999999999999,23.81,,
16.0,1684927163790.0,24,19,,,1,1,,,,,142,104,5.760000000000001,5.980000000000001,1,1
17.0,1683801787528.0,,,,,,,,,,,,,,,,
17.0,1686419231466.0,,,,,,,,,,,,,,,,
18.0,1684769959177.0,,,,,,1,,4,,2,,34,,,,
1.0,1686571797586.0,,,,,,,,,,,,,,,,
3.0,1684914720082.0,116,4,,,,,,,,,126,3,,,,
5.0,1683688159419.0,,,,,,,,,,,,,,,,
12.0,1685881147309.0,,,2,2,,,,,,,58,29,,,,
13.0,1684662265733.0,2,5,,2,,12,6,15,3,3,97,163,,,,
17.0,1684330860678.0,7,8,,,1,2,1,1,,3,85,62,22.880000000000003,2.2600000000000007,,
19.0,1684932960198.0,7,5,,,3,3,,,,,19,6,6.17,6.21,,
20.0,1684049050124.0,11,74,,,,5,,9,,,,,,,,
20.0,1686297315087.0,,,,,5,6,12,3,,,,,,,,
6.0,1685264860491.0,,,,,,,,1,,,,,0.0,,,
10.0,1686568208738.0,,,,,,,,,,,,,,,,
15.0,1683903077478.0,40,,,,3,,1,,,,139,,,,,
20.0,1686468496014.0,,,,,,,,,,,,,,,,
1.0,1685967066845.0,1,1,4,,,,6,2,4,,,,4.29,77.7,,
3.0,1685373536283.0,7,69,,,,,1,4,,,14,158,,,,
4.0,1685370544105.0,2,,,,,,1,,,,21,,,,,
11.0,1684938364832.0,,,,,1,5,,,3,,,,,,,
14.0,1686322356258.0,2,,5,,,,,,,,54,3,10.98,4.9,,
17.0,1686569950074.0,,,,,,,,,,,,,,,,
4.0,1686052303245.0,13,42,,,,,1,2,,2,,,,,2,5
7.0,1686236441089.0,3,4,,,2,2,4,4,,3,29,25,7.9,7.87,,
8.0,1684856652808.0,4,36,,,,,,,1,,40,63,,,,
11.0,1685234014994.0,,,,,7,2,,,,,2,,6.29,6.260000000000001,,
11.0,1686044730238.0,,,6,,1,11,,2,4,4,42,113,0.0,,,
13.0,1685022933437.0,1,9,,5,1,3,1,6,,,34,84,,,,
15.0,1686141464056.0,12,67,,,2,3,,,,,97,182,4.88,5.079999999999998,,3
16.0,1684002132292.0,,2,,,,2,,,,,,168,41.30999999999998,6.31,,1
16.0,1684243638793.0,7,1,,,1,1,,,,4,160,101,8.89,6.08,,
17.0,1685371499186.0,1,32,1,,4,8,12,5,2,,122,264,2.5,2.41,,
5.0,1685934833186.0,,12,,1,,,,,,,,3,,,,3
8.0,1684596704833.0,1,2,8,,,,,,5,2,13,2,,,,
15.0,1686147510593.0,12,67,,,2,3,,,,,97,182,4.88,5.079999999999998,,3
17.0,1686660894888.0,,,,,,,,,,,,,,,,
20.0,1683806158487.0,,,,,,,,,,,,,,,,
20.0,1685352192729.0,33,1,,6,4,18,1,37,2,2,,,,,,
4.0,1685161946511.0,2,4,2,,,,3,4,,,40,41,,,5,2
4.0,1685440185933.0,1,13,,16,,,,,,,3,53,,,,
6.0,1685274941580.0,,,,,,,,1,,,,,0.0,,,
9.0,1685834398866.0,63,,,,2,,4,,1,2,76,,,,,
9.0,1686303889983.0,1,29,,11,1,1,,4,,2,14,45,,,,
15.0,1683715688412.0,,,,,,,,,,,,,,,,
16.0,1686233543558.0,9,50,,,1,1,,,,3,65,113,4.83,4.9,,6
17.0,1685268088784.0,6,13,,,1,3,1,9,,,59,84,2.380000000000001,2.2300000000000004,,
17.0,1685724361197.0,17,5,5,,10,6,7,2,2,,157,206,2.5200000000000005,2.4300000000000006,,
17.0,1686055883766.0,13,13,,1,,2,7,4,,,88,74,2.4800000000000004,2.550000000000001,,
17.0,1686313240173.0,30,45,,18,1,1,7,10,,,,85,2.6100000000000003,2.38,,
1.0,1685026590032.0,,1,,1,,,,3,3,,,,5.160000000000001,5.090000000000002,,
5.0,1685675599170.0,,2,,1,,,,3,,5,,1,,,,
6.0,1686165568841.0,4,2,,,3,1,2,4,2,,50,247,,0.0,,
10.0,1685810609402.0,4,2,2,,3,2,,,,,15,136,,,,
11.0,1683734960800.0,,,,,,,,,,,,,,,,
11.0,1685025527443.0,,,,19,3,7,,,,1,,,44.78,,,
15.0,1684241381922.0,92,21,,,1,1,,,,4,155,96,8.89,6.08,,
7.0,1686467246813.0,,,,,,,,,,,,,,,,
8.0,1685272753214.0,6,,,,,,,2,,2,89,17,,,,
8.0,1685298112221.0,90,6,4,,,,,,,,156,89,,,,
8.0,1685715626810.0,16,2,9,,,,,,,,15,5,,,,
11.0,1684253519511.0,,,6,,11,2,,,2,,,,0.0,,,
11.0,1684940671922.0,,,19,,7,1,,,1,3,,,,,,
15.0,1684603346676.0,39,,1,,6,,,,,,88,,35.25999999999999,25.66,2,
15.0,1684770820721.0,78,33,,6,4,,,,,,148,123,22.380000000000003,100.93,,
17.0,1686572624880.0,,,,,,,,,,,,,,,,
18.0,1684688626558.0,,,,,8,4,3,2,,2,78,103,,,,3
19.0,1686059148333.0,,,,,,,,,,,,,6.13,6.12,,
3.0,1686570419772.0,,,,,,,,,,,,,,,,
4.0,1685525371443.0,26,155,,,,,,3,,2,6,29,,,1,2
9.0,1685373599521.0,16,,,,8,,1,,,,62,184,,,,
11.0,1684490117984.0,,,,4,6,1,,,,,,1,,0.0,,
17.0,1686156611481.0,21,7,,,1,3,3,,,,156,76,2.6000000000000005,2.37,,
2.0,1685092176988.0,,,1,1,10,3,4,5,,,,1,,,,
2.0,1685166219776.0,6,,8,6,8,7,5,16,,,,1,,,,
5.0,1683789364914.0,,,,,,,,,,,,,,,,
7.0,1684586148836.0,6,2,7,5,6,9,2,,1,,58,74,45.38,39.35,1,2
15.0,1684680171676.0,75,39,1,1,,6,,,,,150,88,5.970000000000001,35.25999999999999,2,2
17.0,1686217304831.0,1,21,,,8,1,4,3,,,23,156,2.3600000000000003,2.6000000000000005,,
3.0,1686046117723.0,30,37,,,,,1,2,,,3,7,,,,
3.0,1686667493743.0,,,,,,,,,,,,,,,,
10.0,1685637819807.0,1,19,,1,2,3,,2,,,3,104,,,,7
10.0,1686232538971.0,10,,2,,2,,,,,,95,,,,,
10.0,1686236442124.0,10,10,,2,1,2,3,,,,37,95,,,5,
15.0,1684420108569.0,,,,,1,,,,,,31,1,23.81,22.95,,
4.0,1683645748532.0,,,,,,,,,,,,,,,,
4.0,1685537289073.0,26,155,,,,,,3,,2,6,29,,,1,2
10.0,1685704112903.0,34,1,1,,2,2,3,,,,150,3,,,,
16.0,1684240995917.0,7,1,,,1,1,,,,4,160,101,8.89,6.08,,
16.0,1686486481560.0,,,,,,,,,,,,,,,,
20.0,1685187790244.0,,12,,,,19,,5,,,,,,,,
20.0,1685506124931.0,53,45,,,4,15,3,4,,3,,,,,,
1.0,1685107945369.0,1,1,,,,,9,,,2,1,,198.88,4.99,,
3.0,1684946249285.0,48,116,1,,,,3,,,,82,126,,,,
8.0,1684256766062.0,27,75,,,,,,,,2,32,103,,,,
9.0,1683899739890.0,5,,,,1,,,,,,23,,,,,
10.0,1686480447664.0,,,,,,,,,,,,,,,,
15.0,1686063484478.0,,,14,1,,,,,,,,,25.48,4.920000000000001,,
17.0,1685977885332.0,13,,1,,2,1,4,1,,,74,9,2.550000000000001,2.4800000000000004,,
18.0,1685552631682.0,,,,,3,6,5,1,,,21,136,,,,
20.0,1684162803496.0,96,12,,,1,,11,3,2,,,,,,,
3.0,1686399557392.0,,,,,,,,,,,,,,,,
4.0,1684028630266.0,104,2,,,,,,,1,,87,12,,,2,
4.0,1684225187966.0,84,124,,,,,,,,3,55,67,,,4,2
7.0,1685112965374.0,1,,,,4,1,,2,,,26,5,,,,
13.0,1684230236657.0,2,10,127,106,2,8,1,6,,,44,92,,,,
14.0,1686578449844.0,,,,,,,,,,,,,,,,
15.0,1686239880816.0,48,9,,,1,1,,,,,125,65,4.9,4.83,,
1.0,1686368236004.0,,,,,,,,,,,,,,,,
3.0,1685878311467.0,27,37,3,2,,,1,4,,,62,37,,,,
11.0,1684234591492.0,,,,7,2,12,,,,2,,,,0.0,,
11.0,1685984161113.0,,,,,11,,2,,4,5,113,140,,2.1500000000000004,,
14.0,1683715729225.0,,,,,,,,,,,,,,,,
14.0,1684591663972.0,40,36,1,,,,,,,,96,43,25.66,24.07,,
17.0,1686132196375.0,7,8,,1,3,4,,5,,,76,83,2.37,2.74,,
19.0,1684651845830.0,10,22,,,,2,4,2,,3,18,,53.20999999999999,7.950000000000002,,
1.0,1686322650305.0,4,2,,,,,6,9,2,,,,64.28,58.76,,
7.0,1684325356740.0,1,,,,2,,,,,,23,,8.209999999999999,8.69,,
8.0,1684180468572.0,17,39,,,,,,,,,25,64,,,,
9.0,1685229559298.0,33,17,,1,2,,5,1,,1,114,168,,,,
9.0,1685454961964.0,4,16,,,1,8,,1,,,107,62,,,,
11.0,1684503887108.0,,,,4,6,1,,,,,,1,,0.0,,
15.0,1683720728912.0,,,,,,,,,,,,,,,,
17.0,1686147991300.0,7,8,,1,3,4,,5,,,76,83,2.37,2.74,,
19.0,1684565029619.0,9,37,,5,2,10,9,13,3,2,,3,112.84,7.820000000000002,,1
20.0,1685868479840.0,,13,,,2,6,,5,,4,,,,,,
3.0,1684856910837.0,4,116,,,,,,2,,,3,167,,,,
7.0,1684078436851.0,5,6,,2,2,1,2,,2,1,90,76,8.200000000000001,8.11,3,1
10.0,1684397983791.0,,13,,,,3,,3,,,,44,,,,
11.0,1684167129004.0,,,7,,12,7,,,2,1,,,0.0,,,
14.0,1686311292174.0,2,,5,,,,,,,,54,3,10.98,4.9,,
19.0,1686389113360.0,,,,,,,,,,,,,,0.79,,
1.0,1686319743650.0,4,2,,,,,6,9,2,,,,64.28,58.76,,
3.0,1686561057881.0,,,,,,,,,,,,,,,,
9.0,1684504610073.0,2,25,3,,2,1,,1,,,30,44,,,,
11.0,1684237648090.0,,,,7,2,12,,,,2,,,,0.0,,
14.0,1684596704857.0,34,40,,1,,,,,,,60,96,35.25999999999999,25.66,,
17.0,1685980603702.0,13,,1,,2,1,4,1,,,74,9,2.550000000000001,2.4800000000000004,,
5.0,1684552789496.0,,13,3,1,,,,3,,2,29,14,,,,
9.0,1684326712528.0,1,13,,,1,1,,2,,,21,32,,,,1
12.0,1686159122204.0,,,3,1,,,,,,,7,57,,,,
15.0,1684081031227.0,40,,4,,1,,,,,,147,,43.56999999999999,21.86,,
16.0,1684335691635.0,,5,,,,1,,,,,4,134,22.95,6.19,,
16.0,1684339246395.0,,5,,,,1,,,,,4,134,22.95,6.19,,
17.0,1686393785866.0,,,,,,,,,,,,,,0.27,,
20.0,1684138134025.0,12,87,,,,2,3,10,,17,,,,,,
20.0,1686453582218.0,,,,,,,,,,,,,,,,
20.0,1686465395682.0,,,,,,,,,,,,,,,,
20.0,1686548334045.0,,,,,,,,,,,,,,,,
4.0,1683808291439.0,,,,,,,,,,,,,,,,
4.0,1684936576369.0,,30,,,,,1,1,,,13,24,,,,
7.0,1685284793133.0,2,,,,1,,1,,,,20,,7.660000000000002,7.649999999999999,,
7.0,1686472286413.0,,,,,,,,,,,,,,,,
9.0,1685378639939.0,16,,,,8,,1,,,,62,184,,,,
15.0,1684687263863.0,154,75,,1,,,,,2,,367,150,49.75,5.970000000000001,7,2
16.0,1685465736563.0,29,10,,,2,,,,,,75,113,18.55,6.0,2,
20.0,1686127415304.0,,,,9,3,10,10,8,,,,,,,,
2.0,1684051124965.0,,2,,,,5,,7,,,,14,,,,
10.0,1686328054667.0,,2,,,,1,,,,,,50,,,,
11.0,1684762348247.0,,,,,6,5,,,,,,,,,,
11.0,1686137384176.0,,,,4,1,3,,,,,78,301,0.0,,,
14.0,1686318119142.0,2,,5,,,,,,,,54,3,10.98,4.9,,
15.0,1684856667507.0,39,21,,,1,1,,1,,,104,107,5.980000000000001,5.99,1,
16.0,1683815524723.0,,,,,,,,,,,,,,,,
16.0,1686050401700.0,,,14,1,,,,,,,,,25.48,4.920000000000001,,
17.0,1685283412255.0,6,13,,,1,3,1,9,,,59,84,2.380000000000001,2.2300000000000004,,
17.0,1686590218894.0,,,,,,,,,,,,,,,,
19.0,1686051225460.0,,,,,,,,,,,,,6.13,6.12,,
1.0,1686298918457.0,4,2,,,,,6,9,2,,,,64.28,58.76,,
4.0,1684489391990.0,48,17,,,,,1,,1,,39,9,,,1,1
5.0,1684471124291.0,,5,,4,,,,1,,2,3,2,,,1,
8.0,1685282886409.0,6,,,,,,,2,,2,89,17,,,,
9.0,1684025023896.0,1,,,,1,,,,,,8,27,,,,
9.0,1685551497868.0,24,1,,,1,1,6,,,,26,26,,,,
15.0,1686312517938.0,44,48,5,,,1,,,,,114,125,10.98,4.9,,
20.0,1686192016820.0,,,,,11,3,6,10,,,,,,,,
1.0,1684657953349.0,,,,1,,,2,1,4,2,,,5.190000000000001,5.08,,
5.0,1683683359989.0,,,,,,,,,,,,,,,,
8.0,1685552930795.0,17,7,,,,,,,5,,22,10,,,,
14.0,1686656685575.0,,,,,,,,,,,,,,,,
15.0,1683900433930.0,40,,,,3,,1,,,,139,,,,,
17.0,1686231041427.0,1,21,,,8,1,4,3,,,23,156,2.3600000000000003,2.6000000000000005,,
18.0,1685470549861.0,,,,,1,2,4,3,3,2,21,115,,,,
5.0,1683947971052.0,702,670,2,1,,,,2,,5,22,14,,,,2
8.0,1684937998868.0,,4,,,,,,,3,1,91,40,,,,
17.0,1684317891977.0,7,8,,,1,2,1,1,,3,85,62,22.880000000000003,2.2600000000000007,,
3.0,1686474298103.0,,,,,,,,,,,,,,,,
4.0,1684633439648.0,23,9,,10,,,,1,,,39,52,,,2,5
10.0,1686054026547.0,2,30,1,1,2,7,,4,,,96,123,,,,3
10.0,1686400353947.0,,,,,,,,,,,,,,,,
11.0,1684495331954.0,,,,4,6,1,,,,,,1,,0.0,,
11.0,1685710098160.0,,,4,,8,1,,,2,,,,6.360000000000001,6.230000000000001,1,
11.0,1686215959924.0,,,,2,5,6,1,,,3,146,92,38.79,,,
15.0,1684157536680.0,34,40,,4,1,1,,,,,153,147,5.98,43.56999999999999,,
17.0,1685788489499.0,14,17,,5,5,10,2,7,,2,125,157,2.3800000000000003,2.5200000000000005,,
17.0,1686663542405.0,,,,,,,,,,,,,,,,
18.0,1684348240465.0,2,9,,,1,11,,5,,2,8,99,,,,
19.0,1684407087128.0,7,5,,,1,1,,,,1,75,27,6.480000000000002,6.39,,
1.0,1684920000410.0,1,,1,,,,,2,,,,,5.15,4.970000000000001,,
2.0,1684977605549.0,3,,3,,3,,1,,,,8,,,,,
4.0,1684557753909.0,9,102,10,,,,1,,,1,52,71,,,5,
4.0,1685007801279.0,,2,,,,,1,1,,,13,23,,,,
6.0,1686064040616.0,9,2,,,4,2,8,1,2,,104,62,,0.0,,
11.0,1685114225487.0,,,,,3,2,,,,,,,6.72,6.29,1,
19.0,1683900774776.0,,,,,,,,,,,,,,,,
19.0,1684066802159.0,3,36,3,5,,4,2,9,,12,9,120,55.72999999999999,9.429999999999998,,
2.0,1684037994704.0,,2,,,,5,,7,,,,14,,,,
4.0,1683879576864.0,1,,,,,,,,,,11,,,,,
8.0,1684419605095.0,57,4,,9,,,,,6,,105,4,,,,
8.0,1685191406414.0,,,,,,,,,2,1,114,16,,,,
10.0,1686323965981.0,,2,,,,1,,,,,,50,,,,
11.0,1686226119462.0,,,,2,5,6,1,,,3,146,92,38.79,,,
1.0,1685166993025.0,1,7,,,,,2,,,,,1,78.07000000000001,134.07999999999996,,
2.0,1684047403781.0,,2,,,,5,,7,,,,14,,,,
7.0,1683821572366.0,,,,,,,,,,,,,,,,
11.0,1685373082412.0,,,,,5,1,,,,,,,6.340000000000001,6.37,,
12.0,1684953086136.0,,,1,,,,,,,,54,39,,,,
12.0,1685109867666.0,,,,2,,,,,,2,72,50,,,2,
13.0,1684419809886.0,6,12,1,22,1,7,1,30,,6,71,188,,,,2
1.0,1685161900346.0,1,7,,,,,2,,,,,1,78.07000000000001,134.07999999999996,,
3.0,1685982818294.0,37,42,,2,,,2,3,,,7,9,,,,
3.0,1686130915200.0,113,134,,3,,,4,3,,,,10,,,,
4.0,1685033004574.0,2,,,,,,1,1,,,29,13,,,,
13.0,1686390242425.0,,,,,,,,,,,,,,,,
14.0,1685958312809.0,1,2,,,,,,1,,,34,25,59.62,26.69,,
16.0,1684437056557.0,10,,,,2,1,,,,,143,29,22.30999999999999,23.81,,
19.0,1686235645348.0,3,8,,6,1,1,,3,,4,6,10,6.240000000000001,6.3,,
6.0,1686397307984.0,,,,,,,,,,,,,,,,
7.0,1685607726766.0,5,,,,2,1,3,,,,36,4,7.57,7.56,,
11.0,1684634983078.0,,,,,2,3,,,,,,,,,,
11.0,1685028207959.0,,,,,2,3,,,,,,,6.38,44.78,,
13.0,1684232987429.0,2,10,127,106,2,8,1,6,,,44,92,,,,
14.0,1684511642035.0,36,8,,,,,,,,,43,42,24.07,32.010000000000005,,
15.0,1686664319185.0,,,,,,,,,,,,,,,,
18.0,1684609723752.0,,,,,4,2,,1,,,96,229,,,,
11.0,1684329774057.0,,,,6,2,11,1,,,2,,,,0.0,,
11.0,1685367575026.0,,,,,1,10,,,,,,,6.37,6.310000000000001,,
13.0,1685454931861.0,,8,,1,1,1,3,17,,,46,110,,,,
17.0,1685975218466.0,,18,,,1,5,1,2,,,9,121,2.4800000000000004,2.370000000000001,,
1.0,1683963806455.0,,,6,5,,5,11,2,,2,,,79.55999999999999,38.54,,
1.0,1686376735876.0,,,,,,,,,,,,,,,,
20.0,1685338641770.0,33,1,,6,4,18,1,37,2,2,,,,,,
4.0,1686039577866.0,13,42,,,,,1,2,,2,,,,,2,5
6.0,1685640001981.0,2,1,,,3,4,1,2,,2,30,269,,0.0,,
10.0,1683879577935.0,20,,,,1,,,,,,185,,,,,
11.0,1685239054384.0,,,,,7,2,,,,,2,,6.29,6.260000000000001,,
11.0,1685252604630.0,,,,,2,7,,,,,,2,6.440000000000001,6.29,,
11.0,1685457699423.0,,,,,3,5,,,2,,,,6.35,6.340000000000001,,
13.0,1684411901586.0,6,12,1,22,1,7,1,30,,6,71,188,,,,2
14.0,1684683557477.0,126,27,,,,,,,,,173,64,49.75,5.970000000000001,,
17.0,1683987885635.0,3,1,,,1,3,3,1,1,,49,4,2.4300000000000006,1.9400000000000008,,
17.0,1686492915470.0,,,,,,,,,,,,,,,,
19.0,1685009788728.0,7,12,,4,3,1,,2,,2,30,35,6.209999999999999,6.200000000000001,,2
20.0,1686307575291.0,,,,,5,6,12,3,,,,,,,,
1.0,1685956829366.0,1,1,4,,,,6,2,4,,,,4.29,77.7,,
3.0,1686056251912.0,30,37,,,,,1,2,,,3,7,,,,
3.0,1686581714256.0,,,,,,,,,,,,,,,,
10.0,1686395216251.0,,,,,,,,,,,,,,,,
15.0,1684932736051.0,49,39,,,1,1,,,,,142,104,5.760000000000001,5.980000000000001,1,1
17.0,1685796384766.0,14,17,,5,5,10,2,7,,2,125,157,2.3800000000000003,2.5200000000000005,,
20.0,1685508763828.0,53,45,,,4,15,3,4,,3,,,,,,
4.0,1685612905371.0,91,121,,,,,,,,,10,21,,,3,5
9.0,1685017948194.0,5,13,11,,5,2,,1,,,101,17,,,,
11.0,1684745341520.0,,,,,6,5,,,,,,,,,,
11.0,1684748060193.0,,,,,6,5,,,,,,,,,,
15.0,1684765466897.0,33,154,6,,,,,,,2,123,367,100.93,49.75,,7
16.0,1684252373347.0,11,7,,,1,1,,,,,115,160,30.17,8.89,,
20.0,1684066824620.0,11,74,,,,5,,9,,,,,,,,
20.0,1686211144824.0,,,,,6,11,,6,,,,,,,,
1.0,1685243360607.0,1,5,,1,,,,,,,,,4.500000000000001,4.41,,
1.0,1686212693546.0,,3,,,,,2,2,2,2,,,4.160000000000001,4.089999999999999,,
3.0,1686059157234.0,30,37,,,,,1,2,,,3,7,,,,
4.0,1684541956602.0,102,48,,,,,,1,1,1,71,39,,,,1
4.0,1685099411642.0,1,2,,,,,1,1,,,11,29,,,,
6.0,1684254681024.0,1,,,,4,2,1,1,,,39,123,,0.0,,
10.0,1685893400386.0,35,38,,,3,,4,,,,124,179,,,,6
11.0,1683729546717.0,,,,,,,,,,,,,,,,
15.0,1685016512932.0,31,17,,,,4,,,,,116,88,6.07,6.0600000000000005,,
17.0,1686575272378.0,,,,,,,,,,,,,,,,
4.0,1685610209677.0,91,121,,,,,,,,,10,21,,,3,5
7.0,1684140634699.0,3,5,,,1,2,,2,,2,35,90,8.129999999999999,8.200000000000001,1,3
11.0,1684158572696.0,,,,,7,2,,,1,,,,,0.0,,
11.0,1685157334243.0,,,,,2,3,,,,,,,6.260000000000001,6.72,,1
13.0,1685699017461.0,3,4,1,,,1,1,5,2,,118,69,,,,
13.0,1686644422621.0,,,,,,,,,,,,,,,,
15.0,1686048580061.0,,,14,1,,,,,,,,,25.48,4.920000000000001,,
15.0,1686237266457.0,48,9,,,1,1,,,,,125,65,4.9,4.83,,
17.0,1686134872359.0,7,8,,1,3,4,,5,,,76,83,2.37,2.74,,
20.0,1685857300145.0,,13,,,2,6,,5,,4,,,,,,
7.0,1685888515294.0,,5,,,,3,3,12,,,9,44,110.11999999999998,98.03,,
9.0,1685239691250.0,33,17,,1,2,,5,1,,1,114,168,,,,
11.0,1684155769268.0,,,,,7,2,,,1,,,,,0.0,,
15.0,1685542740583.0,38,60,,,1,2,,,,,103,75,6.390000000000001,18.55,,2
20.0,1685343999865.0,33,1,,6,4,18,1,37,2,2,,,,,,
20.0,1686287563859.0,,,,,5,6,12,3,,,,,,,,
1.0,1686139876854.0,1,2,1,2,,,3,13,,1,,,93.97,115.45,,
1.0,1686241318122.0,2,,,,,,9,2,,2,,,58.76,4.160000000000001,,
5.0,1684115380039.0,4,172,,,,,3,,,,6,,,,,
6.0,1685387982217.0,5,6,,,2,3,,2,,,61,230,,0.0,,
6.0,1685550713392.0,4,,,,5,4,1,,,,49,39,,0.0,,5
6.0,1685649402831.0,2,1,,,3,4,1,2,,2,30,269,,0.0,,
10.0,1684080322516.0,68,1,8,,6,1,10,,3,,277,71,,,6,
11.0,1685749422957.0,,,8,4,16,8,1,,2,2,181,,6.789999999999999,6.360000000000001,,1
12.0,1685536828870.0,,,2,19,,,,,2,4,45,141,,,,1
16.0,1684154586167.0,5,1,,4,1,1,,,,,158,149,5.98,43.56999999999999,,
20.0,1685425279774.0,25,55,,,1,1,10,4,3,4,,,,,,
1.0,1685151768134.0,7,1,,,,,,9,,,1,1,134.07999999999996,198.88,,
2.0,1683970012920.0,,2,,2,,3,,2,,,17,14,,,,
2.0,1685253358256.0,,,,1,2,2,9,6,,,,,,,1,
3.0,1685268851767.0,58,104,,10,,,4,2,,,110,109,,,,
3.0,1685536931097.0,55,,,,,,1,,,,53,,,,,
3.0,1686232619739.0,121,111,,,,,7,3,,,,,,,,
3.0,1686463083951.0,,,,,,,,,,,,,,,,
3.0,1686468682717.0,,,,,,,,,,,,,,,,
3.0,1686573179196.0,,,,,,,,,,,,,,,,
9.0,1685363519231.0,,82,,3,,5,,8,,,184,425,,,,
9.0,1686654513323.0,,,,,,,,,,,,,,,,
11.0,1683894205371.0,,,,,1,,1,,,,,,,,,
16.0,1684078325494.0,1,,4,,1,,,,,,149,,43.56999999999999,21.86,,
17.0,1684592236363.0,4,,,,2,,1,,,,31,,2.3400000000000007,2.36,,
19.0,1684056720431.0,3,36,3,5,,4,2,9,,12,9,120,55.72999999999999,9.429999999999998,,
20.0,1684918977054.0,11,28,,5,1,7,1,,2,,,,,,,5
9.0,1685541364840.0,1,23,,,1,1,,6,,,26,17,,,,
12.0,1686066236374.0,,,,2,,,,,,,37,84,,,1,
13.0,1685282235056.0,,,,,,,,,,,,,,,,
15.0,1684154944160.0,34,40,,4,1,1,,,,,153,147,5.98,43.56999999999999,,
4.0,1686140947419.0,,113,,,,,1,1,,,,,,,2,3
8.0,1684261806316.0,27,75,,,,,,,,2,32,103,,,,
9.0,1684019983449.0,1,,,,1,,,,,,8,27,,,,
10.0,1685109389263.0,58,22,1,1,8,1,5,4,,,238,123,,,,5
17.0,1685463845500.0,14,16,1,1,2,,1,3,,1,151,179,2.4300000000000006,2.53,,
19.0,1684656990461.0,10,22,,,,2,4,2,,3,18,,53.20999999999999,7.950000000000002,,
19.0,1686472423282.0,,,,,,,,,,,,,,,,
1.0,1684398507113.0,,,,,,,,3,2,,,1,4.830000000000001,4.66,,
4.0,1684163993465.0,124,46,,,,,,,3,,67,47,,,2,2
4.0,1685233170939.0,109,2,,2,,,3,3,,,60,40,,,1,5
4.0,1686235117717.0,1,149,,,,,,,,,,,,,1,8
7.0,1685802901174.0,5,7,,11,6,3,1,8,,5,36,50,8.24,90.34,,
12.0,1686235629944.0,,,1,3,,,,,,,82,7,,,1,
15.0,1684600463691.0,39,,1,,6,,,,,,88,,35.25999999999999,25.66,2,
20.0,1686109314049.0,,,,9,3,10,10,8,,,,,,,,
1.0,1685961929914.0,1,1,4,,,,6,2,4,,,,4.29,77.7,,
6.0,1684569343216.0,8,,,,2,,4,,,,115,,0.0,,,
7.0,1685893555644.0,10,,,,2,,13,3,2,,87,9,7.87,110.11999999999998,,
15.0,1686665818051.0,,,,,,,,,,,,,,,,
17.0,1684254304805.0,8,9,,,2,2,1,,3,,62,83,2.2600000000000007,2.1,,
18.0,1685115549233.0,,,,,2,2,3,1,2,,29,46,,,,
1.0,1684134781937.0,,2,5,,1,5,3,2,,,,,4.67,4.42,1,
2.0,1684372791492.0,2,2,3,,5,,10,11,,,,,,,,
11.0,1685636198789.0,,,,2,1,3,,,,,,,6.230000000000001,37.93000000000001,,
11.0,1685894981096.0,,,6,,3,1,2,,4,4,88,8,6.4,6.28,,
17.0,1686406508289.0,,,,,,,,,,,,,,0.27,,
1.0,1683960983811.0,,,6,5,,5,11,2,,2,,,79.55999999999999,38.54,,
4.0,1685751573348.0,80,15,,,,,2,1,,,,,,,1,1
11.0,1684747430720.0,,,,,6,5,,,,,,,,,,
11.0,1685713241271.0,,,4,,8,1,,,2,,,,6.360000000000001,6.230000000000001,1,
15.0,1686223643272.0,9,50,,,1,1,,,,3,65,113,4.83,4.9,,6
16.0,1684408786783.0,,,,,1,,,,,,29,4,23.81,22.95,,
17.0,1683990543800.0,10,3,1,,2,1,4,3,,1,88,49,2.3500000000000005,2.4300000000000006,,
17.0,1685036545640.0,13,5,,,2,3,3,,1,,157,87,2.3600000000000003,2.3200000000000003,,
2.0,1686176751905.0,5,,9,,3,,9,,,,105,,,,5,
3.0,1686375054950.0,,,,,,,,,,,,,,,,
7.0,1684657471529.0,3,12,1,18,3,10,,17,,,39,179,,,,10
11.0,1683640828231.0,,,,,,,,,,,,,,,,
11.0,1684027937331.0,,,,,,3,,,,,,,0.0,,,
15.0,1685280767733.0,56,68,,,,3,,,,,156,290,6.07,6.03,,
17.0,1685287688496.0,32,6,,,8,1,5,1,,,264,59,2.41,2.380000000000001,,
20.0,1683965102349.0,25,41,,,2,13,2,9,,3,,,,,,1
20.0,1684999866596.0,38,50,,,5,10,7,4,,2,,,,,,4
3.0,1686576208028.0,,,,,,,,,,,,,,,,
4.0,1685238211996.0,109,2,,2,,,3,3,,,60,40,,,1,5
5.0,1684288180385.0,7,,1,3,,,6,,3,,4,,,,1,
8.0,1684948131960.0,,,5,,,,,,,3,10,91,,,,
11.0,1685111148439.0,,,,,2,2,,,,,,,6.29,6.38,,
3.0,1686372403529.0,,,,,,,,,,,,,,,,
11.0,1685446861254.0,,,,,3,5,,,2,,,,6.35,6.340000000000001,,
17.0,1685714810478.0,5,32,,1,6,3,2,10,,2,206,177,2.4300000000000006,2.4400000000000004,,
20.0,1684746096716.0,59,48,1,2,,2,1,14,2,4,,,,,,
4.0,1684158952010.0,46,146,,,,,,,,,47,97,,,2,1
11.0,1685102605705.0,,,,,2,2,,,,,,,6.29,6.38,,
11.0,1685246779027.0,,,,,2,7,,,,,,2,6.440000000000001,6.29,,
13.0,1685368656368.0,,11,,5,1,3,1,4,1,3,92,116,,,,9
15.0,1684431882070.0,29,,,,2,1,,,,,137,31,22.30999999999999,23.81,,
15.0,1686491218141.0,,,,,,,,,,,,,,,,
17.0,1686482834828.0,,,,,,,,,,,,,,,,
18.0,1685374762237.0,,,,,3,1,,5,,2,33,83,,,,
20.0,1685519248546.0,53,45,,,4,15,3,4,,3,,,,,,
2.0,1683954922665.0,,2,,2,,3,,2,,,17,14,,,,
4.0,1685548826205.0,121,26,,,,,,,,,21,6,,,5,1
8.0,1685110787989.0,,,,,,,,,,,87,4,,,,
9.0,1684336793509.0,34,1,,,1,1,5,,,,43,21,,,,
10.0,1686557505570.0,,,,,,,,,,,,,,,,
11.0,1685955045374.0,,,,6,,3,,2,5,4,140,88,2.1500000000000004,6.4,,
13.0,1686476680744.0,,,,,,,,,,,,,,,,
14.0,1685980791616.0,11,1,1,,,,,,,,18,34,4.920000000000001,59.62,,
15.0,1685191919376.0,39,122,,,2,,,,,,96,94,5.91,23.71,,6
17.0,1686222831585.0,1,21,,,8,1,4,3,,,23,156,2.3600000000000003,2.6000000000000005,,
19.0,1685537279151.0,2,12,1,2,1,1,2,4,,1,15,60,7.739999999999999,6.41,,
3.0,1685030592238.0,,114,,,,,,2,,,,105,,,,
4.0,1683625482832.0,,,,,,,,,,,,,,,,
10.0,1686415527516.0,,,,,,,,,,,,,,,,
11.0,1683732293021.0,,,,,,,,,,,,,,,,
11.0,1686068418151.0,,,4,6,3,1,,,,4,301,42,,0.0,,
13.0,1685780371885.0,,11,,13,1,3,2,7,,2,39,259,,,,
15.0,1684595047140.0,39,,1,,6,,,,,,88,,35.25999999999999,25.66,2,
15.0,1684760443766.0,33,154,6,,,,,,,2,123,367,100.93,49.75,,7
17.0,1684084470596.0,14,4,1,,10,,3,2,,,57,77,2.2600000000000007,2.12,,
17.0,1684772402958.0,,,,,1,2,,2,,,4,34,2.2800000000000007,2.3200000000000003,,
17.0,1686137594860.0,7,8,,1,3,4,,5,,,76,83,2.37,2.74,,
17.0,1686584821695.0,,,,,,,,,,,,,,,,
3.0,1686390539470.0,,,,,,,,,,,,,,,,
7.0,1684669856412.0,3,12,1,18,3,10,,17,,,39,179,,,,10
7.0,1686147140990.0,3,3,,,3,3,4,3,,,24,37,7.82,7.98,,
10.0,1685724326886.0,6,34,7,1,3,2,5,3,,,66,150,,,,
11.0,1684141377835.0,,,,,7,2,,,1,,,,,0.0,,
11.0,1684647010276.0,,,,,1,2,,,,,,,,,,
11.0,1686049771022.0,,,6,,1,11,,2,4,4,42,113,0.0,,,
11.0,1686071196327.0,,,4,6,3,1,,,,4,301,42,,0.0,,
13.0,1684502199979.0,2,6,,3,2,1,4,5,2,2,86,72,,,,
15.0,1685285809061.0,56,68,,,,3,,,,,156,290,6.07,6.03,,
15.0,1686046118975.0,,,14,1,,,,,,,,,25.48,4.920000000000001,,
3.0,1685257880093.0,58,104,,10,,,4,2,,,110,109,,,,
4.0,1684556994799.0,9,102,10,,,,1,,,1,52,71,,,5,
4.0,1685365219880.0,2,,,,,,1,,,,21,,,,,
5.0,1684644209892.0,,15,,,,,1,,,,11,11,,,,1
7.0,1683885069973.0,3,,,,3,,1,,3,,47,,5.69,,,
7.0,1684052937365.0,6,,2,1,1,2,,,1,,76,40,8.11,8.24,1,1
8.0,1685984828974.0,7,18,,,,,,,1,,12,33,,,,
11.0,1684422043836.0,,,4,,1,3,,,,,1,1,0.0,,,
11.0,1685897624897.0,,,6,,3,1,2,,4,4,88,8,6.4,6.28,,
12.0,1684943005110.0,,,1,,,,,,,,54,39,,,,
13.0,1686146200346.0,2,5,,3,1,2,1,4,1,1,56,115,,,,7
16.0,1684932203715.0,24,19,,,1,1,,,,,142,104,5.760000000000001,5.980000000000001,1,1
20.0,1685335885321.0,33,1,,6,4,18,1,37,2,2,,,,,,
1.0,1686073726624.0,2,,2,,,,13,2,1,2,,,115.45,4.610000000000001,,
4.0,1685980836995.0,42,47,,,,,2,1,2,,,,,,5,1
12.0,1686057548481.0,,,2,,,,,,,,84,45,,,,
13.0,1684936537332.0,,11,,6,1,4,,18,,1,26,117,,,,1
15.0,1683820163104.0,,,,,,,,,,,,,,,,
15.0,1686234498835.0,9,50,,,1,1,,,,3,65,113,4.83,4.9,,6
15.0,1686327841327.0,,44,,5,,,,,,,,114,0.83,10.98,,
3.0,1686378056614.0,,,,,,,,,,,,,,,,
4.0,1685716650821.0,15,167,,1,,,1,,,,,8,,,1,
9.0,1685109322990.0,,56,,4,2,2,,3,,,28,60,,,,
10.0,1685433320174.0,1,1,1,1,2,4,,,,,41,5,,,,
11.0,1684242687864.0,,,,7,2,12,,,,2,,,,0.0,,
11.0,1684750580721.0,,,,,6,5,,,,,,,,,,
15.0,1685628248498.0,32,40,,,,1,,,,,109,65,6.190000000000002,21.949999999999992,1,3
20.0,1684999971880.0,38,50,,,5,10,7,4,,2,,,,,,4
1.0,1685356995652.0,,4,,,,,,2,,,,,4.360000000000001,4.220000000000001,,
1.0,1686048294690.0,,,,,,,2,1,2,,,,4.610000000000001,3.97,,
3.0,1685779719051.0,31,54,,,,,2,2,,,21,28,,,,
8.0,1684266846633.0,27,75,,,,,,,,2,32,103,,,,
8.0,1684511024348.0,,35,,,,,,,,3,4,95,,,,
10.0,1685897000043.0,35,38,,,3,,4,,,,124,179,,,,6
10.0,1686575342591.0,,,,,,,,,,,,,,,,
11.0,1685357060084.0,,,,,1,10,,,,,,,6.37,6.310000000000001,,
13.0,1684418926150.0,6,12,1,22,1,7,1,30,,6,71,188,,,,2
18.0,1685384843220.0,,,,,3,1,,5,,2,33,83,,,,
4.0,1684316639102.0,34,111,1,,,,2,,,,43,59,,,,
4.0,1686230076579.0,1,149,,,,,,,,,,,,,1,8
15.0,1684587091026.0,,6,,1,,1,,,,,,53,25.66,24.07,,1
2.0,1684459202469.0,4,,,,5,,1,3,,,6,,,,,
7.0,1685885366572.0,,5,,,,3,3,12,,,9,44,110.11999999999998,98.03,,
11.0,1685255382748.0,,,,,2,7,,,,,,2,6.440000000000001,6.29,,
14.0,1684246624591.0,26,,,,,,,,,,77,,8.89,6.08,,
15.0,1686060521496.0,,,14,1,,,,,,,,,25.48,4.920000000000001,,
20.0,1685700753758.0,6,26,,,10,3,1,3,,2,,,,,,
4.0,1684768778897.0,8,,,,,,2,,5,,43,7,,,,
7.0,1685970446156.0,3,10,2,,3,2,2,13,,2,31,87,7.949999999999999,7.87,,
8.0,1686249052039.0,,25,,,,,1,,2,,,45,,,,
9.0,1684245350448.0,1,18,,1,1,1,,5,,,25,41,,,,1
13.0,1686313994413.0,1,4,,2,1,1,,4,1,1,34,54,,,,
17.0,1685875411335.0,1,2,,,2,5,3,1,,,63,19,2.49,2.4800000000000004,,
20.0,1685330709517.0,33,1,,6,4,18,1,37,2,2,,,,,,
6.0,1686587505466.0,,,,,,,,,,,,,,,,
7.0,1684137586140.0,3,5,,,1,2,,2,,2,35,90,8.129999999999999,8.200000000000001,1,3
7.0,1684428209878.0,,1,1,,1,2,,,,,12,26,8.26,8.069999999999999,,
7.0,1684487014598.0,,,1,1,4,1,1,,,,23,12,8.36,8.26,,
9.0,1686232555883.0,2,,,,2,,1,,,,44,,,,,
11.0,1684313198750.0,,,,6,2,11,1,,,2,,,,0.0,,
15.0,1686325807284.0,,44,,5,,,,,,,,114,0.83,10.98,,
17.0,1685983460340.0,13,,1,,2,1,4,1,,,74,9,2.550000000000001,2.4800000000000004,,
1.0,1685458825226.0,1,1,,,,,1,2,,,,,4.550000000000001,4.450000000000001,,
1.0,1686246463448.0,2,,,,,,9,2,,2,,,58.76,4.160000000000001,,
3.0,1686038352434.0,30,37,,,,,1,2,,,3,7,,,,
4.0,1683813332504.0,,,,,,,,,,,,,,,,
4.0,1685711610550.0,15,167,,1,,,1,,,,,8,,,1,
7.0,1685870245514.0,,5,,,,3,3,12,,,9,44,110.11999999999998,98.03,,
8.0,1685380074088.0,25,73,,,,,,,,,55,179,,,,
8.0,1685395194918.0,25,73,,,,,,,,,55,179,,,,
10.0,1683727016778.0,,,,,,,,,,,,,,,,
11.0,1683935874753.0,,,,,3,1,,1,,,1,,0.0,,,
11.0,1685699144840.0,,,4,,8,1,,,2,,,,6.360000000000001,6.230000000000001,1,
17.0,1686220073913.0,1,21,,,8,1,4,3,,,23,156,2.3600000000000003,2.6000000000000005,,
17.0,1686472754124.0,,,,,,,,,,,,,,,,
19.0,1686475296607.0,,,,,,,,,,,,,,,,
20.0,1684929157442.0,11,28,,5,1,7,1,,2,,,,,,,5
20.0,1685272318109.0,,43,,,,3,,15,,,,,,,,
