,uid,startTime,prior_context(sec),prior_context_speech_rate,dixit(sec),dixit_speech_rate,whole_conv_length(sec)
0,4,1683560989115,6.741,1.928,74.463,0.483,229.777
2,5,1683599930427,6.31,1.585,46.294,0.497,113.471
4,5,1683605656274,6.009,1.664,18.974,1.318,84.378
5,11,1683610216815,7.033,0.711,36.896,1.951,92.168
7,4,1683625482832,7.877,2.031,226.6,0.009,377.875
8,4,1683630627471,7.108,2.392,49.827,0.04,215.055
9,11,1683630746592,8.946,1.006,99.653,0.271,177.83
10,4,1683635667924,7.582,1.978,121.015,0.281,247.774
11,11,1683635787765,6.893,0.29,35.049,0.77,91.424
12,4,1683640708144,6.927,2.31,170.801,0.064,302.2
13,11,1683640828231,6.718,0.744,39.847,0.05,110.232
14,7,1683644569849,8.271,0.846,80.887,0.445,205.658
15,4,1683645748532,7.795,2.822,26.901,0.595,157.585
17,4,1683650789334,6.609,1.816,42.536,0.353,153.137
18,6,1683651436670,8.571,0.583,22.984,1.305,86.159
19,5,1683683359989,6.508,1.537,19.829,1.311,106.951
20,5,1683688159419,7.893,0.76,22.484,1.334,281.657
21,10,1683711843280,7.004,1.285,27.758,1.585,95.391
22,7,1683714476697,7.431,1.211,25.213,1.943,90.447
23,15,1683715688412,127.557,0.063,261.446,0.107,509.937
25,10,1683716883612,7.301,1.918,96.753,0.372,145.428
28,7,1683719820205,12.142,1.235,25.375,2.443,86.159
29,15,1683720728912,10.169,0.983,36.177,0.691,187.549
30,9,1683721902624,77.435,0.155,17.47,1.145,325.874
31,7,1683723181295,20.91,0.956,22.245,2.203,87.869
32,7,1683725824066,7.813,1.28,49.329,0.264,123.832
33,9,1683726943470,6.841,1.316,16.735,1.135,69.363
35,11,1683729546717,6.329,0.474,43.716,0.435,110.285
36,15,1683730809646,9.789,0.919,26.723,0.936,148.48
37,9,1683731983139,6.469,1.546,19.755,0.709,90.31
38,10,1683732056653,7.023,1.282,149.801,0.033,201.365
39,11,1683732293021,6.15,0.325,28.911,0.208,97.662
40,11,1683734960800,6.447,1.086,18.212,0.604,86.104
42,4,1683737067360,6.269,2.074,33.106,0.816,147.546
43,10,1683737149349,7.78,1.928,36.485,2.056,89.288
44,11,1683740001226,6.884,1.307,35.356,0.594,95.649
45,5,1683769752682,28.835,0.208,24.024,0.916,134.141
46,5,1683779833812,6.668,1.5,21.285,1.081,98.358
50,5,1683794318267,6.38,1.411,52.506,0.152,116.403
51,11,1683794612341,6.8,1.324,26.804,0.634,84.805
54,11,1683802342575,6.269,0.319,65.001,0.492,134.528
55,7,1683803192991,7.806,2.05,32.401,1.049,84.025
56,4,1683803250871,6.502,1.692,72.23,0.166,174.727
57,11,1683805169820,6.036,0.331,33.457,0.687,117.303
58,16,1683805528709,6.391,1.565,39.274,0.891,178.14
59,20,1683806158487,10.438,0.575,129.475,0.039,220.459
60,11,1683807902215,7.271,0.275,22.542,0.976,72.912
61,15,1683808055725,10.569,1.041,73.857,0.46,193.372
62,4,1683808291439,6.377,1.255,37.792,0.662,105.504
63,7,1683810980483,8.805,1.59,151.47,0.013,305.431
66,4,1683813332504,6.81,2.349,237.843,0.008,316.441
67,10,1683813402823,6.269,1.436,31.155,1.091,128.127
69,7,1683813789514,5.948,0.336,43.752,0.617,95.136
73,16,1683815524723,7.37,1.221,78.458,0.752,219.706
74,11,1683816728395,6.841,0.292,17.745,1.634,63.821
85,15,1683820163104,6.662,1.951,19.214,2.082,60.991
86,16,1683820564778,7.147,0.84,37.542,0.906,96.139
88,7,1683821572366,7.662,2.349,27.799,0.288,71.955
89,11,1683821768672,6.445,0.931,18.6,0.645,63.953
91,4,1683823414789,6.306,1.586,30.176,0.53,101.475
92,10,1683823537005,6.694,1.344,23.229,1.421,126.728
97,7,1683877290749,8.346,2.157,20.325,1.919,184.588
98,20,1683877687567,9.967,0.502,349.98,0.2,410.927
99,4,1683879576864,6.112,1.473,27.69,1.589,92.456
100,10,1683879577935,5.964,1.509,30.031,1.066,79.042
102,4,1683884617926,6.186,2.263,25.8,2.171,84.499
103,7,1683885069973,28.036,0.464,21.68,2.399,107.861
104,11,1683885962454,6.921,1.878,21.312,2.205,71.189
105,7,1683887717887,9.084,2.092,34.974,0.915,96.331
106,3,1683887968255,7.845,0.255,31.437,0.254,163.69
107,20,1683889634080,80.659,0.062,44.807,2.41,252.611
108,9,1683889658967,9.681,1.343,136.342,0.073,210.178
109,19,1683890693844,7.144,0.28,28.404,0.599,185.779
110,11,1683894205371,7.451,0.671,18.12,1.435,71.023
111,4,1683894699300,6.287,2.068,154.742,0.013,210.562
112,9,1683894699377,8.447,1.657,41.345,0.242,161.612
114,19,1683895917557,6.311,0.317,31.677,0.474,88.223
115,15,1683897659316,13.635,0.44,26.357,1.176,96.913
116,9,1683899739890,6.452,1.55,16.443,1.277,61.276
117,4,1683899740500,6.966,2.297,27.424,1.568,84.69
118,3,1683899766276,9.867,0.912,18.16,1.101,117.912
119,11,1683899868879,7.024,0.285,31.177,1.315,79.505
120,15,1683900433930,8.217,1.095,208.448,0.13,355.201
121,19,1683900774776,6.21,0.322,49.84,0.221,107.691
122,7,1683902365842,9.762,1.639,23.445,2.005,102.539
123,15,1683903077478,7.284,1.236,64.242,0.529,145.643
124,7,1683905060100,11.715,1.622,23.037,2.344,144.187
126,10,1683909870885,6.96,1.293,30.018,0.999,169.467
127,7,1683910092865,8.273,2.055,22.189,1.758,85.147
128,8,1683916335569,7.032,1.28,50.341,0.119,122.445
129,11,1683933227149,8.567,0.117,19.408,0.567,71.787
130,9,1683933580274,8.48,1.179,15.46,0.906,133.192
131,11,1683935874753,7.383,1.084,25.799,0.62,89.356
132,9,1683938620545,6.856,1.459,83.281,0.012,165.737
133,11,1683940055072,6.699,0.299,19.084,0.786,62.784
134,11,1683942980065,13.029,0.691,27.015,1.222,81.612
135,9,1683943660844,10.491,0.953,58.809,0.017,190.552
136,11,1683946147199,31.786,0.315,30.798,0.844,116.1
137,5,1683947971052,7.366,1.358,196.943,0.071,325.083
138,2,1683954922665,12.127,0.495,26.167,1.032,88.065
139,19,1683955195407,5.915,0.338,121.831,0.09,169.391
140,20,1683960010041,8.714,1.148,52.952,0.283,114.49
141,19,1683960235602,7.211,0.277,25.551,0.078,70.071
145,1,1683963806455,7.97,0.627,77.311,0.207,132.796
147,20,1683965102349,8.424,1.425,40.449,2.25,150.285
148,19,1683965276186,6.602,0.454,27.966,0.393,73.023
149,20,1683968082705,6.684,0.748,38.668,3.336,149.942
150,2,1683970012920,6.702,0.298,102.304,0.274,147.126
151,19,1683970316686,5.873,0.341,27.99,0.357,83.103
153,16,1683984462534,6.69,1.046,19.721,1.521,131.634
154,17,1683984621615,8.598,1.628,29.791,1.611,78.962
155,16,1683987104134,6.668,1.35,21.377,1.403,82.726
156,20,1683987794606,6.948,1.727,204.09,0.421,260.131
157,17,1683987885635,8.807,0.681,26.126,2.564,78.624
159,7,1683992696876,8.481,2.122,23.742,1.98,219.474
160,16,1683995294270,6.709,1.789,47.851,0.251,123.363
162,10,1683996212519,6.826,0.879,33.188,1.205,150.539
163,8,1683997016838,6.576,1.217,35.119,1.595,83.21
164,8,1684002109675,6.724,1.19,25.856,1.354,84.374
165,16,1684002132292,7.287,1.647,60.632,0.082,121.899
167,11,1684016349145,15.898,0.063,25.939,0.463,90.776
168,11,1684019574762,6.797,0.147,21.059,0.95,69.153
169,9,1684019983449,6.954,1.438,17.465,0.687,72.43
170,1,1684020972940,7.458,0.67,38.248,0.157,88.808
171,4,1684023590084,6.346,1.891,25.321,1.501,80.99
172,1,1684023600436,7.193,0.973,40.122,0.374,85.261
173,11,1684024615774,6.69,1.345,25.069,0.718,73.564
174,9,1684025023896,35.168,0.284,22.164,0.226,100.03
175,11,1684027937331,7.41,0.675,18.57,1.185,65.378
176,4,1684028630266,6.321,1.74,45.849,0.393,106.741
177,9,1684030065149,7.35,1.905,20.062,0.798,70.55
179,4,1684033672499,6.479,0.772,31.536,0.476,90.295
181,4,1684038712461,6.518,1.381,22.14,1.174,141.42
183,4,1684043754388,6.34,2.05,25.054,0.798,74.29
184,1,1684043867732,6.354,0.787,25.515,0.627,74.774
186,4,1684048847082,6.442,2.018,37.418,0.267,92.459
187,20,1684049050124,6.766,1.478,41.513,1.638,100.147
188,10,1684049975400,7.228,1.937,30.038,0.766,543.851
189,3,1684050108495,8.006,0.25,18.858,0.955,91.702
190,7,1684050294996,9.812,2.548,21.865,1.738,75.718
191,2,1684051124965,6.675,0.899,54.889,0.255,108.186
192,19,1684051679658,6.523,0.307,25.883,0.425,73.224
193,20,1684051702705,10.455,0.861,171.052,0.327,231.542
194,7,1684052937365,6.92,0.578,58.13,0.275,332.261
195,17,1684053547438,6.836,0.439,29.659,1.585,83.045
196,4,1684053887620,6.702,1.94,106.763,0.178,161.022
197,10,1684055016302,6.906,2.027,31.482,1.175,87.104
198,19,1684056720431,6.071,0.329,24.028,0.416,69.327
199,20,1684056744055,7.384,3.521,139.264,0.416,196.916
200,7,1684057977923,9.73,1.953,32.117,1.183,142.385
201,7,1684060620617,7.556,1.985,23.996,2.417,143.686
202,20,1684061783935,8.247,1.698,98.2,0.163,159.382
203,8,1684063189511,6.384,0.47,61.193,0.327,123.19
204,6,1684064605817,7.383,1.625,18.38,0.762,137.37
205,19,1684066802159,6.078,0.329,28.042,0.499,74.214
206,20,1684066824620,6.153,1.625,28.467,0.597,86.075
207,15,1684067298165,6.835,1.317,107.39,0.27,165.762
208,16,1684068192618,7.65,2.353,22.428,1.293,81.892
209,20,1684069546164,7.47,1.874,31.118,0.353,91.809
210,6,1684069646619,8.283,1.449,22.684,1.631,148.749
211,15,1684070024357,7.459,1.475,75.543,0.119,139.885
212,10,1684070189259,6.622,1.208,24.903,1.927,76.716
213,15,1684072882513,7.026,1.281,20.264,1.332,108.91
215,6,1684074687921,9.372,2.774,21.238,1.554,104.308
216,20,1684074981808,6.241,0.481,23.819,1.889,90.26
217,10,1684075282588,6.2,1.29,18.566,1.185,138.419
218,15,1684075701262,8.585,1.048,58.693,0.153,204.469
220,8,1684078309879,7.033,1.28,47.167,0.064,102.273
221,16,1684078325494,7.607,1.709,59.99,0.067,118.161
222,7,1684078436851,8.246,1.698,30.309,0.957,157.056
223,10,1684080322516,41.545,0.241,39.929,0.526,121.286
224,15,1684081031227,6.531,1.378,52.546,0.19,144.196
226,17,1684081827888,6.909,0.724,53.996,0.222,111.419
228,15,1684083755357,6.036,1.491,133.69,0.045,254.878
229,17,1684084470596,6.605,0.908,61.872,0.291,104.314
230,6,1684084769175,8.431,2.372,24.034,1.248,115.052
231,8,1684088390102,7.372,0.543,31.737,0.252,79.203
233,18,1684111372298,6.899,0.29,28.771,0.591,130.884
234,5,1684115380039,7.492,0.801,25.104,0.916,134.684
235,2,1684123631395,7.203,0.278,30.195,0.729,78.941
236,1,1684134781937,6.634,0.603,36.853,0.461,87.627
237,20,1684135355035,7.325,0.819,63.859,0.298,120.733
238,7,1684137586140,9.685,2.581,22.2,1.892,85.832
239,20,1684138134025,16.248,0.185,21.419,0.093,149.642
240,7,1684140634699,8.284,0.724,33.444,0.748,192.458
242,20,1684143806195,7.573,1.188,21.211,2.593,86.735
243,1,1684147348374,6.201,0.968,21.5,0.698,70.294
244,16,1684149546297,7.409,1.485,19.159,1.357,100.148
245,1,1684151529651,6.615,1.361,22.795,0.746,75.792
246,7,1684151538296,9.283,1.616,34.372,0.873,174.988
247,11,1684152988603,6.758,0.444,30.127,0.498,90.412
248,19,1684153047571,6.522,0.307,86.562,0.127,234.12
249,9,1684153907280,7.094,1.41,17.15,0.583,70.683
250,7,1684154196982,8.035,1.742,38.186,0.236,171.981
251,20,1684154239497,6.817,0.88,31.752,0.504,85.774
253,15,1684154944160,7.216,0.554,31.002,0.484,132.019
254,11,1684155769268,6.149,0.325,25.619,0.468,88.155
255,15,1684157536680,6.9,0.87,41.868,0.191,142.66
256,19,1684158088335,7.589,0.264,25.623,0.351,74.006
257,11,1684158572696,6.193,0.323,25.943,0.617,92.105
258,9,1684158947642,6.657,1.502,15.721,0.954,61.685
259,4,1684158952010,6.855,1.459,18.559,1.67,66.167
260,16,1684159626317,7.678,2.344,19.036,1.366,93.721
261,15,1684160223481,65.294,0.199,21.422,1.727,161.678
262,8,1684160391480,28.351,0.6,58.458,0.12,129.374
264,11,1684161244138,7.445,0.672,25.88,0.734,98.169
265,20,1684162803496,6.747,1.186,46.5,0.409,106.944
266,15,1684162945335,6.935,1.298,25.322,0.711,108.378
267,10,1684163965328,6.665,0.75,42.597,0.47,126.998
268,9,1684163988153,6.592,1.517,15.651,0.831,60.448
270,11,1684163997425,6.587,0.607,27.182,0.736,88.918
273,8,1684165432544,7.055,1.984,21.986,1.592,75.597
274,15,1684165728995,7.213,0.832,106.103,0.141,220.187
275,11,1684167129004,8.508,0.94,27.92,1.11,126.109
276,7,1684167904994,9.501,1.684,25.106,1.992,99.935
278,15,1684168682619,7.017,1.425,39.782,0.679,100.767
279,4,1684169085902,6.621,2.266,31.514,0.508,86.715
281,8,1684175431696,6.698,0.597,19.041,1.471,86.17
282,18,1684176734864,8.495,1.648,39.653,0.227,94.075
283,8,1684180468572,6.779,0.885,21.614,1.851,79.524
285,18,1684191772828,6.799,0.294,9.707,1.236,68.059
287,2,1684205047279,20.397,0.098,18.834,1.274,103.928
288,2,1684210087576,6.342,0.473,13.531,0.739,63.243
290,1,1684217886858,6.207,0.322,31.195,0.545,79.557
291,20,1684219815461,7.964,1.507,32.585,0.43,90.411
292,20,1684224054742,16.465,0.121,55.12,0.236,110.953
293,20,1684224238016,7.114,1.546,43.341,0.531,105.529
294,4,1684225187966,6.633,1.357,22.156,0.948,75.98
295,20,1684226865592,6.486,0.308,21.112,1.847,78.016
296,20,1684229562363,6.826,0.293,34.308,2.507,189.486
297,13,1684230236657,8.683,0.921,43.242,0.879,207.304
298,11,1684231702757,6.488,0.771,37.27,0.51,92.257
302,11,1684237648090,6.649,0.451,26.812,0.783,89.129
303,15,1684238727502,7.174,0.697,44.574,0.337,165.627
304,9,1684240310497,27.266,0.77,16.662,0.9,90.818
305,16,1684240995917,6.901,1.739,30.001,0.133,96.296
306,15,1684241381922,10.075,0.893,30.099,0.93,143.865
307,11,1684242687864,6.853,0.73,34.558,0.492,91.873
309,20,1684243079204,7.188,1.669,93.62,0.182,198.203
310,16,1684243638793,6.27,1.595,17.613,1.363,69.883
311,15,1684244065131,6.864,1.311,131.21,0.061,370.961
312,9,1684245350448,6.769,1.477,16.436,0.608,61.105
313,11,1684245628069,7.173,1.115,25.322,0.632,74.336
315,17,1684248942490,6.847,0.292,19.452,1.851,73.007
317,7,1684250274579,8.309,1.685,29.195,0.856,163.536
318,9,1684250390622,7.127,1.403,37.275,0.08,83.461
319,1,1684251142987,7.762,0.644,19.436,0.463,65.063
320,17,1684251596120,6.06,0.33,48.858,0.368,93.34
321,8,1684251725622,7.054,1.276,41.049,0.658,95.191
322,15,1684252013669,7.097,0.705,28.007,0.5,116.803
323,16,1684252373347,6.797,1.471,20.692,1.208,70.832
324,7,1684252887274,7.891,1.774,43.834,0.662,236.42
325,11,1684253519511,6.449,0.31,25.883,0.618,70.804
326,17,1684254304805,6.583,0.304,19.484,1.694,69.851
327,6,1684254681024,10.422,1.247,40.437,0.495,137.582
328,10,1684255323531,6.689,1.495,41.616,0.649,98.551
329,4,1684255435231,6.476,2.162,30.907,0.388,77.781
330,15,1684256425817,6.822,1.319,38.499,0.208,166.192
331,8,1684256766062,6.615,0.454,34.344,0.815,78.268
332,17,1684257055950,6.725,0.297,57.287,0.698,97.526
333,6,1684259721934,8.596,1.861,32.497,0.154,240.642
336,18,1684266738130,6.33,0.316,31.764,0.472,137.282
337,8,1684266846633,11.504,0.869,32.14,0.996,95.275
340,5,1684288180385,7.602,1.315,41.308,0.46,174.49
342,1,1684301143264,6.891,0.726,19.065,0.367,71.952
343,1,1684311365543,6.795,0.736,28.524,0.175,74.77
344,11,1684313198750,9.132,1.205,31.581,0.728,100.187
346,17,1684317891977,29.383,0.068,32.599,0.767,104.805
347,11,1684318889926,6.732,1.485,29.248,0.855,78.308
348,19,1684320682142,21.495,0.093,26.424,0.416,88.069
350,11,1684321700809,7.075,1.555,16.508,0.969,72.78
351,7,1684322689190,8.446,2.368,34.726,1.526,173.816
352,17,1684322931056,6.863,0.729,17.863,1.512,72.165
353,1,1684323427292,6.466,0.928,39.632,0.278,89.794
354,7,1684325356740,8.874,1.803,37.662,0.69,185.699
355,14,1684326432190,6.717,1.191,14.14,2.758,66.756
356,9,1684326712528,8.775,2.165,32.633,0.184,85.569
357,4,1684326719687,6.253,1.759,20.787,1.876,70.386
358,17,1684328216070,6.029,0.498,41.812,0.454,143.65
359,7,1684328291635,7.699,2.208,23.889,1.381,94.135
360,14,1684329127479,14.365,0.766,12.292,2.359,72.683
361,11,1684329774057,29.74,0.303,26.427,0.53,105.655
362,19,1684330762424,11.397,0.088,21.17,0.472,91.573
363,17,1684330860678,5.954,0.84,45.726,0.569,95.03
364,7,1684330938760,7.246,0.828,30.901,1.003,139.481
365,16,1684331618221,7.293,2.194,19.469,1.233,77.301
366,9,1684331752945,9.967,2.107,18.162,0.936,67.529
367,4,1684331760852,7.011,1.712,23.737,1.095,98.805
368,11,1684332621462,6.613,0.302,71.452,0.196,120.243
369,7,1684333594135,9.657,1.864,27.447,0.51,197.615
370,16,1684335691635,6.134,0.978,45.386,0.264,94.994
372,7,1684336246877,8.555,1.403,22.694,1.807,230.699
373,9,1684336793509,9.711,2.162,18.509,0.432,76.557
375,7,1684339102428,9.044,2.101,30.574,0.621,93.655
376,16,1684339246395,6.358,1.101,20.359,1.474,64.993
377,17,1684340556104,6.594,0.758,31.767,0.724,75.323
379,9,1684341833657,6.968,1.435,16.378,1.038,61.272
380,4,1684341842877,6.722,1.785,15.928,1.256,141.384
381,15,1684342996157,8.914,0.785,36.865,0.271,177.633
383,17,1684343662755,6.432,0.311,29.17,0.754,78.551
385,8,1684348100932,6.631,0.905,17.139,0.934,64.263
386,18,1684348240465,8.786,1.366,9.045,1.327,68.798
387,8,1684353193463,6.743,1.335,62.181,0.289,116.805
388,12,1684356072332,7.608,0.526,64.629,0.356,368.491
389,2,1684372791492,24.08,0.249,32.372,0.432,119.781
391,2,1684380473908,6.544,0.306,20.408,0.882,66.827
392,10,1684397983791,6.188,0.97,59.142,0.287,178.936
393,1,1684398507113,33.041,0.182,112.704,0.053,195.559
394,4,1684403045141,6.804,2.058,34.079,0.587,95.335
396,19,1684407087128,6.816,0.293,99.108,0.101,146.412
397,4,1684408085756,6.502,1.999,30.089,0.532,87.247
398,16,1684408786783,7.478,1.605,32.108,0.311,105.541
399,15,1684409502334,7.59,0.527,42.384,0.661,188.942
400,13,1684411901586,6.669,0.6,17.739,1.127,70.555
402,9,1684413115184,7.679,2.865,96.605,0.114,154.708
403,4,1684413126919,6.177,2.105,28.976,0.725,85.968
404,19,1684414159807,6.114,0.491,21.645,0.508,65.565
405,17,1684414202327,6.746,0.889,48.341,0.414,123.345
406,16,1684416469558,11.14,0.628,22.789,0.395,255.584
407,11,1684416819917,6.328,0.474,137.29,0.124,195.06
408,9,1684418155513,7.098,1.409,16.869,0.889,70.578
409,4,1684418167845,6.479,1.389,36.116,0.526,101.184
410,13,1684418926150,6.36,0.472,16.837,1.069,72.249
411,8,1684419605095,6.57,0.457,19.0,1.263,77.16
412,13,1684419809886,6.58,0.456,34.539,0.058,203.338
413,17,1684420020126,6.913,0.868,31.613,1.044,90.276
414,15,1684420108569,6.818,1.32,18.909,1.005,72.752
415,11,1684422043836,6.547,0.458,27.525,0.472,71.89
416,17,1684422662579,11.817,0.169,29.118,0.653,90.421
417,15,1684422737338,7.507,1.732,20.404,1.323,89.436
418,4,1684423208665,7.379,1.491,34.126,0.059,85.82
419,16,1684426557526,6.957,2.012,49.685,0.242,162.726
420,15,1684427670666,7.407,1.215,49.437,0.182,160.424
421,17,1684427702905,6.6,0.909,19.136,1.411,74.969
422,7,1684428209878,17.387,1.323,21.92,2.144,236.597
423,10,1684428226043,6.467,1.392,46.377,0.194,109.295
424,4,1684428249878,7.063,1.416,21.067,1.994,70.215
425,11,1684429828860,7.323,0.41,27.034,0.481,86.053
426,16,1684431590619,12.635,1.425,31.765,0.756,94.908
427,15,1684431882070,6.825,1.319,100.097,0.25,195.433
428,16,1684434232798,8.715,2.41,17.931,1.115,74.956
429,8,1684434642157,6.183,0.647,17.932,1.283,60.719
430,16,1684437056557,9.513,2.418,19.308,1.916,74.305
434,5,1684471124291,6.904,1.448,25.386,1.024,89.202
435,2,1684484005879,6.682,0.748,19.311,0.932,68.036
436,7,1684487014598,11.288,1.86,28.021,0.5,267.653
437,11,1684487409463,6.598,0.303,50.63,0.336,108.66
438,19,1684488411752,6.501,0.308,20.261,0.691,71.892
440,4,1684489391990,6.032,1.824,22.968,1.219,67.44
441,11,1684490117984,6.187,0.97,27.599,1.015,79.34
442,7,1684490234353,8.771,2.508,31.123,0.964,87.694
443,4,1684494433451,6.696,1.344,29.213,0.548,77.675
444,13,1684494479432,34.098,0.205,163.391,0.129,287.714
445,9,1684494529481,6.903,1.449,49.007,0.102,104.475
446,11,1684495331954,6.429,0.467,60.106,0.449,112.97
447,7,1684495593026,8.853,1.807,42.723,0.328,124.912
448,20,1684495920883,32.766,0.153,18.669,1.178,109.071
449,11,1684498033543,7.297,0.685,134.17,0.149,192.632
450,4,1684499474744,6.358,2.045,22.661,1.015,67.704
451,13,1684502199979,6.108,0.491,28.481,0.913,94.416
452,11,1684503887108,6.654,0.751,28.176,0.71,82.109
453,4,1684504514771,6.097,1.476,17.228,1.567,62.67
454,9,1684504610073,7.177,1.393,15.81,0.253,76.928
455,13,1684504620214,7.419,1.213,60.303,0.481,117.649
456,8,1684511024348,6.37,0.314,32.24,0.713,94.276
458,17,1684512912141,6.443,0.466,20.171,1.983,56.265
459,10,1684514734322,6.427,0.934,65.912,0.561,137.738
460,11,1684534789209,8.616,0.232,21.905,0.639,80.75
462,4,1684541956602,6.251,1.92,28.436,0.352,75.762
463,11,1684543199484,6.537,0.306,70.645,0.411,119.868
464,9,1684543431080,8.263,1.21,28.434,0.211,167.515
465,4,1684546997742,7.191,2.086,16.761,1.134,66.642
466,11,1684548241376,6.469,0.464,27.558,1.016,90.469
468,2,1684556368206,6.62,0.906,40.972,0.732,91.02
471,4,1684557753909,6.223,2.25,28.184,0.319,71.242
472,19,1684559989148,6.838,0.439,21.87,0.457,69.357
473,4,1684562035954,6.383,1.567,34.482,0.406,94.683
474,19,1684565029619,8.052,0.373,32.705,0.397,102.99
475,6,1684565784150,8.836,1.811,18.176,1.761,429.408
476,2,1684566448583,6.274,0.797,20.312,1.231,147.263
477,4,1684567077467,6.296,2.065,58.002,0.034,111.962
478,6,1684569343216,8.159,2.451,21.74,2.116,262.349
479,4,1684572118044,28.122,0.462,59.704,0.486,126.684
480,17,1684579392652,6.368,0.942,28.672,0.314,73.713
481,17,1684582206214,6.011,0.499,31.752,0.976,79.305
482,6,1684582611407,8.239,2.427,32.572,1.044,211.85
483,7,1684583743298,28.015,0.607,42.685,0.047,114.904
484,7,1684586148836,11.625,1.72,20.682,2.224,257.258
485,15,1684587091026,6.938,1.297,37.239,0.322,89.187
486,17,1684587246579,6.457,0.929,47.62,0.966,87.036
487,14,1684587764819,7.856,0.891,12.951,2.471,65.325
489,17,1684592236363,6.348,0.315,17.266,1.622,63.15
490,7,1684594763027,34.198,0.673,22.197,1.622,102.734
491,15,1684595047140,6.921,1.3,55.237,0.272,347.046
492,8,1684596704833,42.068,0.238,22.874,1.836,104.501
495,15,1684600463691,6.241,1.442,66.265,0.377,176.491
496,15,1684603346676,7.104,1.267,24.416,1.065,129.451
497,8,1684606702709,7.746,1.678,37.204,1.451,90.585
498,18,1684609723752,7.004,0.857,7.978,0.627,80.373
499,4,1684628399571,5.998,1.501,21.315,1.079,77.038
500,4,1684633439648,6.44,2.019,30.351,0.725,85.489
501,11,1684634983078,6.285,0.477,89.587,0.335,163.591
502,1,1684638403664,6.173,0.972,37.768,0.106,243.206
503,4,1684638480708,6.424,2.179,15.251,0.59,59.198
504,5,1684639169371,7.127,1.403,25.881,1.661,84.517
506,4,1684643550428,6.0,1.167,41.168,0.024,84.863
507,5,1684644209892,7.53,0.797,20.053,1.546,89.126
508,11,1684647010276,6.287,0.477,27.934,1.002,88.761
510,4,1684648657173,6.201,2.096,28.192,0.071,74.777
512,11,1684649825400,6.446,0.31,24.884,1.246,72.877
513,19,1684651845830,6.042,0.331,22.76,0.439,66.107
514,4,1684653603956,6.235,2.085,63.244,0.079,103.358
515,7,1684654782084,7.935,2.016,19.61,1.632,83.596
516,10,1684654812026,11.047,1.086,94.583,0.116,237.965
517,19,1684656990461,6.468,0.928,22.67,0.353,139.314
518,7,1684657471529,7.47,2.142,30.702,0.651,82.912
520,10,1684659847529,7.404,1.08,52.828,0.398,121.931
521,15,1684660463273,6.844,0.877,19.63,1.121,84.533
522,13,1684662265733,8.761,0.571,21.48,0.931,80.981
524,15,1684665837784,6.851,1.314,21.366,1.03,84.165
525,17,1684665840883,6.204,0.967,44.093,0.59,86.115
526,7,1684667214326,27.622,0.543,24.511,1.51,146.922
527,8,1684668051317,8.5,1.882,20.827,2.593,74.206
528,15,1684668388494,26.124,0.345,40.368,0.644,175.891
529,7,1684669856412,29.598,0.507,36.045,1.221,102.232
530,15,1684671119261,7.209,1.526,26.598,0.526,147.114
531,7,1684672505880,6.402,0.937,20.888,2.25,65.724
532,15,1684673879475,6.905,1.303,17.761,0.845,99.401
533,7,1684675446678,7.494,1.201,35.955,0.89,196.885
534,15,1684676575175,9.221,0.976,19.755,1.417,119.1
536,15,1684680171676,6.801,1.323,63.707,0.549,139.751
537,15,1684682360396,7.438,1.21,37.647,1.089,130.93
541,15,1684687263863,6.99,1.288,17.544,0.798,160.185
542,7,1684688170812,9.158,1.856,30.577,0.883,125.185
544,2,1684723442724,6.283,0.318,23.843,0.839,79.225
545,2,1684726083537,6.08,0.329,80.108,0.325,120.937
546,20,1684740955178,7.202,1.25,32.059,0.468,90.281
547,7,1684744398210,27.752,0.541,35.203,0.795,121.787
548,11,1684745341520,4.039,3.219,24.895,1.125,71.752
549,20,1684746096716,8.656,0.924,18.248,0.986,86.319
550,11,1684747430720,6.011,0.333,56.947,0.562,105.186
551,11,1684748060193,6.146,0.488,22.647,1.016,72.333
552,4,1684748646519,6.409,2.028,27.0,0.519,68.697
553,20,1684748823623,7.599,0.921,18.534,1.133,86.845
554,19,1684749115673,49.658,0.04,20.789,0.481,109.768
555,11,1684750580721,6.486,0.308,99.306,0.312,151.713
556,19,1684751803186,5.867,0.341,24.824,0.443,120.591
557,4,1684753740179,6.184,0.97,40.446,0.47,81.277
558,15,1684757446845,59.844,0.084,13.117,0.61,179.855
560,15,1684760443766,6.789,1.326,23.191,0.431,125.433
561,11,1684762348247,6.785,0.295,32.173,1.026,79.233
562,15,1684762808924,74.738,0.054,36.263,0.441,242.97
563,10,1684763625396,7.263,0.964,38.361,0.834,230.472
564,4,1684763738014,6.131,1.468,27.403,0.547,75.33
565,8,1684765297963,7.414,1.079,17.988,1.89,125.865
566,15,1684765466897,7.956,1.131,20.111,1.392,136.313
567,14,1684765871611,7.677,1.433,9.941,2.314,117.476
568,3,1684767193880,8.008,1.748,27.804,0.827,93.929
569,7,1684767256660,7.086,1.27,19.424,1.802,73.583
570,15,1684768167212,6.924,1.3,22.401,1.25,98.453
571,10,1684768665609,6.475,0.927,9.005,1.777,58.176
572,4,1684768778897,5.987,1.67,42.676,0.117,85.431
575,15,1684770820721,9.799,0.918,134.029,0.075,284.29
576,3,1684771440535,79.278,0.101,27.419,0.729,258.834
577,17,1684772402958,6.239,0.962,56.153,0.392,103.668
578,20,1684827834932,8.448,1.302,59.384,0.185,136.897
579,4,1684831238360,6.93,1.876,61.827,0.534,115.498
580,4,1684836025233,6.428,2.022,32.743,0.458,88.914
581,15,1684836655973,34.255,0.292,22.724,0.528,181.921
582,4,1684841065677,7.386,2.031,17.551,1.652,86.154
583,15,1684841493322,7.703,1.168,25.755,0.466,110.042
584,11,1684845566453,7.81,0.896,70.354,0.242,152.477
585,15,1684846586155,7.078,1.272,25.043,0.399,225.314
586,13,1684848950410,6.05,0.496,31.402,0.191,88.715
587,11,1684849718542,6.364,0.629,76.786,0.26,129.193
588,4,1684851199258,6.402,1.406,24.812,0.363,74.597
589,15,1684851627026,6.596,1.364,18.574,1.723,114.134
590,11,1684852676764,6.298,0.794,19.538,1.535,81.776
591,13,1684854042854,9.317,1.073,24.954,0.842,84.306
593,11,1684855462808,9.33,0.214,24.594,1.138,73.056
594,4,1684856238870,6.111,1.636,24.639,0.487,68.67
596,15,1684856667507,6.656,1.352,17.18,0.524,147.771
597,3,1684856910837,8.811,1.021,17.705,1.186,82.5
598,10,1684860347227,6.579,0.912,24.27,1.442,77.671
599,1,1684860487198,6.813,0.881,25.279,0.396,78.469
603,8,1684871879079,7.42,0.539,29.33,0.955,86.429
604,20,1684901110412,7.148,1.119,65.937,0.121,134.928
605,3,1684914720082,6.203,1.29,17.899,0.838,83.352
607,20,1684918977054,6.202,1.129,75.435,0.04,134.278
608,1,1684920000410,7.031,1.138,21.484,0.884,68.279
609,3,1684920756665,8.383,1.431,75.598,0.053,241.459
610,4,1684921401402,6.612,2.269,27.018,0.444,81.962
611,20,1684924012383,6.304,1.11,16.551,1.208,70.212
613,4,1684926678692,7.001,1.857,16.914,1.419,64.14
615,20,1684929157442,6.15,1.463,25.993,1.539,122.042
616,11,1684930108958,7.164,0.279,82.246,0.316,127.32
617,13,1684931496838,6.723,1.19,108.676,0.23,290.728
618,4,1684931535692,6.274,2.072,16.532,1.573,59.676
619,16,1684932203715,8.852,1.356,21.545,1.207,240.717
620,15,1684932736051,6.567,0.914,26.189,1.107,102.52
621,11,1684932756971,6.196,0.323,20.909,1.626,82.851
622,19,1684932960198,6.305,0.317,24.834,0.443,71.686
623,19,1684935658972,9.077,0.331,20.772,0.77,70.275
624,3,1684935863510,6.388,1.252,23.461,0.597,105.2
625,13,1684936537332,5.964,0.503,18.137,1.213,78.796
626,4,1684936576369,7.249,2.897,9.362,2.35,52.911
627,11,1684937471536,5.979,0.836,70.464,0.369,110.298
628,15,1684937776772,6.824,1.319,46.832,0.641,174.809
631,11,1684938364832,6.365,0.786,21.63,1.433,66.376
632,3,1684938514575,7.575,1.188,32.097,0.28,92.147
633,11,1684940671922,6.643,0.753,20.452,1.027,63.454
634,4,1684941617995,6.406,1.717,18.282,2.461,59.138
636,15,1684942817118,6.574,1.369,18.185,0.55,141.552
637,12,1684943005110,7.776,1.029,73.424,0.286,155.464
639,11,1684943405790,6.21,0.483,54.795,0.328,109.958
640,3,1684946249285,6.641,1.355,16.557,0.604,77.83
641,4,1684946658645,6.116,1.472,17.145,2.216,62.629
642,10,1684946680541,6.096,0.492,32.376,0.741,130.437
643,15,1684947857641,6.879,0.727,27.567,1.052,90.175
645,12,1684953086136,8.309,0.722,36.297,0.165,171.82
647,12,1684963168294,7.723,0.777,20.359,0.639,161.766
648,2,1684977605549,6.676,0.3,32.065,0.717,102.012
650,2,1684982646090,6.652,0.301,16.894,0.77,68.783
652,5,1684989458485,8.024,0.748,17.48,1.43,93.895
653,20,1684989733557,6.796,0.589,30.239,0.496,139.054
655,20,1684994786721,8.69,0.921,38.007,0.368,112.127
657,20,1684999971880,6.234,1.444,29.498,1.797,84.799
658,4,1685002760803,6.304,1.586,15.829,1.264,59.687
659,17,1685005669622,6.6,0.455,38.326,0.496,91.168
660,11,1685006346158,6.28,0.318,18.665,1.393,70.897
661,19,1685007100219,6.137,0.326,23.116,0.433,162.53
662,4,1685007801279,6.507,2.305,25.672,0.623,67.458
663,17,1685008581212,7.844,0.382,52.71,0.474,107.867
664,19,1685009788728,5.996,0.334,23.701,0.549,173.199
666,11,1685011386425,6.356,0.315,54.997,0.618,98.91
667,4,1685012842039,6.777,2.213,46.458,0.624,92.092
668,9,1685012917096,8.012,2.621,18.691,1.338,67.352
669,11,1685016427101,6.335,0.474,60.039,0.916,117.567
670,15,1685016512932,7.026,0.569,21.643,0.693,127.184
671,4,1685017882776,6.14,1.466,26.548,0.603,68.902
672,10,1685017902030,6.507,1.383,25.742,0.622,92.543
673,9,1685017948194,7.737,1.809,16.462,0.729,67.74
674,19,1685018862283,6.252,0.32,45.856,0.196,107.109
675,11,1685019321835,6.361,0.472,17.339,1.5,74.913
676,15,1685021479401,7.75,1.161,19.453,1.439,96.821
677,1,1685021548517,7.126,1.123,21.98,0.682,67.978
678,11,1685022871795,6.349,0.473,56.219,0.534,101.924
679,4,1685022922855,6.367,2.356,71.575,0.126,113.188
680,13,1685022933437,5.915,0.338,18.592,2.098,72.356
681,10,1685022994771,6.066,1.484,20.625,2.376,68.05
682,9,1685023040310,9.21,1.737,26.959,0.556,162.269
684,11,1685025527443,6.43,0.467,52.441,0.572,101.875
685,15,1685026519977,6.944,1.296,17.439,1.376,224.724
686,1,1685026590032,7.432,0.807,20.588,0.437,101.368
687,4,1685027963376,6.24,1.282,40.874,0.685,88.755
688,13,1685027974694,6.786,0.884,35.628,0.477,233.067
689,10,1685028035800,6.428,1.245,28.987,0.828,73.072
690,9,1685028080639,6.828,1.465,15.975,0.939,68.675
691,11,1685028207959,6.666,0.45,18.217,1.153,66.096
692,8,1685029433686,8.172,1.468,19.786,2.022,70.342
693,3,1685030592238,6.23,1.284,31.53,0.412,100.088
694,11,1685031036847,6.284,0.477,160.457,0.1,277.25
695,17,1685031505117,7.886,0.761,17.6,1.477,85.896
696,15,1685031560537,10.12,0.889,18.917,0.793,259.319
698,4,1685033004574,6.811,1.468,17.941,2.007,71.162
699,11,1685033683654,6.612,0.454,17.909,1.005,99.197
700,8,1685034473833,8.867,0.451,26.602,1.053,100.289
701,17,1685036545640,5.994,0.501,25.907,0.695,68.829
703,15,1685036732070,6.608,1.362,27.157,0.81,114.905
704,8,1685039514234,7.25,0.552,38.632,0.129,104.228
707,20,1685079077298,6.301,0.794,27.602,3.587,183.347
708,4,1685089166095,6.261,1.597,15.78,1.204,62.466
709,2,1685092176988,7.147,0.28,48.345,0.393,105.217
710,4,1685094207057,15.235,0.131,18.348,1.853,79.952
711,9,1685099243008,24.051,0.873,20.584,0.486,99.778
713,13,1685099352484,6.333,0.474,16.865,0.83,73.844
714,4,1685099411642,6.184,1.455,17.259,1.796,58.047
715,19,1685100030552,5.865,0.341,9.616,1.248,90.354
716,11,1685100521294,6.059,0.33,18.256,1.096,80.356
717,15,1685100548601,7.743,1.033,27.312,0.915,164.48
718,11,1685102605705,6.475,0.463,16.444,1.277,60.686
719,11,1685103144875,6.022,0.498,305.517,0.043,358.807
720,19,1685103406599,16.714,0.12,32.619,0.46,84.716
721,9,1685104284078,7.143,1.4,32.7,0.306,80.904
722,4,1685104289476,6.342,2.365,14.832,1.214,70.408
723,12,1685104826931,10.054,0.995,30.629,0.522,95.588
724,15,1685105641685,8.432,2.016,45.636,0.373,170.913
725,11,1685106107965,7.325,1.229,22.339,0.716,77.995
726,7,1685107924086,7.697,2.209,21.882,2.742,76.056
727,1,1685107945369,30.255,0.165,23.479,0.17,97.877
728,11,1685108753887,6.716,0.893,104.291,0.201,154.374
729,9,1685109322990,7.054,1.418,23.995,0.5,75.422
730,4,1685109330442,6.137,1.467,15.958,1.253,69.509
731,10,1685109389263,6.366,1.414,17.69,1.187,84.048
732,12,1685109867666,7.655,1.176,29.914,2.139,91.501
733,17,1685110581792,6.772,0.886,38.95,0.462,105.334
735,8,1685110787989,7.046,0.426,20.71,0.724,90.484
736,11,1685110932309,5.949,0.504,34.374,0.407,80.783
737,11,1685111148439,6.405,0.468,27.022,0.888,76.094
738,7,1685112965374,7.371,1.221,33.828,0.384,84.289
739,1,1685113037787,8.889,0.675,20.943,1.003,71.654
740,11,1685114225487,5.84,0.342,16.312,0.981,58.455
741,10,1685114482348,6.371,1.413,28.078,0.499,78.229
743,18,1685115549233,7.699,1.689,8.585,1.165,69.161
744,8,1685115932412,6.996,0.286,18.787,2.076,59.919
745,7,1685118006153,8.324,0.721,36.59,1.011,227.16
746,10,1685119523313,6.034,1.492,18.511,2.107,73.842
747,15,1685120815348,8.964,1.004,17.824,1.571,130.752
749,18,1685125629794,8.496,1.412,16.194,1.112,236.346
750,8,1685126065300,6.808,1.175,21.813,1.238,98.982
751,18,1685130670270,8.963,0.669,13.449,0.669,120.322
752,4,1685146772875,6.586,1.67,32.223,0.683,79.873
753,9,1685148204412,6.987,1.431,16.769,1.133,63.618
754,1,1685151768134,7.415,0.809,24.52,0.122,65.62
755,4,1685151864683,6.491,2.157,36.965,0.054,88.449
756,9,1685153297330,9.7,2.371,48.102,0.312,109.483
757,11,1685154409480,6.344,0.631,82.61,0.194,134.516
758,1,1685156808750,7.472,0.669,22.513,0.933,70.507
759,4,1685156905716,6.48,2.006,25.869,0.425,69.074
760,11,1685157334243,6.669,0.45,24.918,0.763,157.679
762,11,1685157892035,6.612,0.454,22.934,0.785,94.652
764,11,1685161065156,6.184,0.97,26.645,0.6,69.536
765,1,1685161900346,6.492,0.77,22.196,0.18,67.386
766,4,1685161946511,6.691,1.943,73.157,0.027,148.45
767,5,1685162674530,8.524,0.939,15.986,0.751,77.286
768,19,1685163147187,5.831,0.514,21.491,0.791,143.871
769,11,1685163811821,6.181,0.971,30.48,0.623,67.855
770,3,1685165290166,6.441,1.242,17.611,0.625,72.034
771,2,1685166219776,10.719,0.466,19.451,0.72,76.087
772,11,1685166617688,6.54,0.306,25.752,0.66,72.787
773,4,1685166987314,6.335,2.052,34.229,0.467,76.433
774,1,1685166993025,6.689,0.747,21.589,0.834,68.276
775,11,1685168852150,7.223,0.415,15.828,1.011,62.911
776,2,1685168914525,6.762,0.296,56.576,0.159,180.507
777,3,1685170330378,6.712,1.192,45.228,0.221,179.554
778,4,1685172028227,6.171,2.107,17.668,1.698,60.138
779,20,1685172511949,60.896,0.164,46.484,0.323,160.637
780,3,1685173122152,6.579,1.216,25.303,0.158,75.585
781,19,1685175466824,6.696,0.299,20.87,0.335,66.777
782,4,1685177068760,6.128,2.121,31.07,0.064,80.477
783,20,1685177610225,7.871,1.398,35.904,2.841,121.189
784,3,1685182643625,6.452,1.395,16.675,0.66,71.983
785,20,1685182774996,197.315,0.025,36.08,0.194,278.661
786,10,1685185644809,6.489,0.925,16.455,1.215,79.24
787,8,1685186366325,7.862,0.509,17.833,1.794,69.061
788,15,1685186878582,7.53,1.195,33.835,0.828,134.097
789,20,1685187790244,43.797,0.274,17.411,1.321,107.841
790,3,1685191375303,7.099,0.986,62.706,0.128,230.731
793,8,1685196446718,6.574,0.456,17.986,1.779,64.692
794,15,1685197012073,46.402,0.194,17.497,0.572,157.771
796,15,1685202052374,6.669,1.35,19.472,0.822,148.34
798,10,1685205837059,6.972,1.434,19.876,1.56,66.02
799,10,1685205929288,6.868,1.602,29.928,0.368,81.453
801,15,1685207092972,6.968,1.292,28.009,0.928,82.509
803,18,1685212034496,5.896,0.509,21.955,0.547,76.913
805,9,1685229559298,7.399,1.352,40.434,0.124,103.05
806,11,1685231014135,8.068,0.248,16.551,1.027,69.246
807,4,1685233170939,5.989,1.503,16.841,1.247,70.286
808,1,1685233175378,6.352,0.945,21.597,0.139,68.818
809,11,1685234014994,6.228,0.642,16.786,1.132,76.661
810,9,1685234598808,6.863,1.457,27.199,0.184,74.076
811,4,1685238211996,16.224,0.123,16.266,1.66,72.519
813,11,1685239116244,6.386,0.783,17.455,1.089,64.627
814,9,1685239691250,9.268,2.266,16.732,1.016,71.699
815,4,1685242092955,6.159,1.786,32.007,0.781,74.569
816,1,1685243360607,28.549,0.21,22.712,0.088,107.666
818,11,1685243995684,5.933,0.337,16.405,0.975,61.85
819,20,1685244002720,7.753,0.903,21.056,2.66,90.724
820,9,1685244731633,7.338,1.363,8.345,1.558,64.69
821,20,1685246698157,7.182,1.949,27.886,3.765,89.923
822,11,1685246779027,6.825,1.172,15.594,0.898,58.369
823,1,1685248400755,7.063,0.849,19.601,0.204,75.383
824,19,1685248793144,5.87,0.341,24.929,0.481,70.679
825,9,1685249771961,8.312,2.166,16.19,0.926,70.789
826,11,1685249882949,7.756,0.387,17.573,1.195,91.515
827,19,1685251451577,6.143,0.326,20.335,0.836,66.065
828,11,1685252604630,6.345,0.315,26.394,0.644,92.921
829,2,1685253358256,6.731,0.297,58.283,0.532,144.811
830,6,1685254778655,8.559,2.337,20.013,1.499,190.752
831,9,1685254864610,9.098,1.099,28.978,0.345,87.745
832,3,1685255047944,64.236,0.125,16.0,0.625,137.507
833,11,1685255382748,5.798,0.345,16.733,1.016,61.151
834,20,1685256898575,56.022,0.036,51.262,0.312,194.127
835,3,1685257880093,7.41,1.35,22.864,0.787,87.448
836,1,1685258533820,9.76,0.512,17.253,0.116,134.031
837,9,1685259957352,7.06,3.116,15.937,0.878,72.573
839,3,1685260529349,6.323,1.265,32.011,0.281,88.124
840,20,1685262028303,6.291,1.431,34.285,0.408,92.14
841,6,1685264860491,8.372,2.389,12.048,2.324,82.691
843,20,1685268064106,6.298,0.794,8.922,1.681,61.232
844,17,1685268088784,7.85,0.764,43.425,0.438,110.428
845,3,1685268851767,6.181,1.456,15.684,0.255,74.198
846,5,1685269233513,18.869,0.318,19.07,1.783,87.287
848,17,1685271660475,5.992,0.334,27.148,0.626,75.456
849,20,1685272318109,7.389,1.218,16.52,0.969,68.18
850,8,1685272753214,7.139,0.28,42.935,0.675,102.341
852,7,1685274711564,7.65,1.699,33.071,0.151,166.388
853,6,1685274941580,28.217,0.744,35.456,1.1,98.266
854,15,1685275727242,6.984,1.289,17.888,1.398,74.685
855,13,1685277169327,6.407,0.78,18.238,0.932,88.944
856,17,1685277266182,6.814,0.734,39.091,0.384,88.394
857,7,1685279752339,9.146,1.968,38.15,0.655,173.46
858,6,1685279982029,9.175,1.09,10.865,2.945,109.297
859,17,1685280705342,6.524,0.766,16.421,1.644,84.678
860,15,1685280767733,6.945,1.296,19.631,0.713,123.098
861,13,1685282235056,6.196,0.968,69.038,0.116,144.299
864,7,1685284793133,7.664,1.435,31.611,1.17,232.925
865,15,1685285809061,6.992,1.287,18.408,0.706,91.33
867,8,1685287979093,7.269,1.238,29.675,1.213,83.337
871,8,1685293072312,22.87,0.394,18.225,1.317,79.647
873,15,1685295993827,6.854,1.313,16.851,0.712,94.077
874,8,1685298112221,8.727,0.229,16.649,1.321,82.54
877,8,1685308193650,7.143,1.68,21.41,1.401,72.665
878,20,1685330709517,6.771,1.034,30.155,3.449,100.734
879,20,1685333139296,6.636,0.904,27.412,3.539,81.396
880,20,1685335885321,7.76,0.773,32.105,0.561,84.843
881,20,1685338641770,6.39,0.939,29.764,0.403,76.585
882,20,1685341280539,7.019,0.855,30.669,0.424,91.47
883,20,1685343999865,7.386,1.354,37.587,0.585,94.802
884,4,1685347677660,10.879,0.184,84.697,0.13,160.71
886,19,1685351022001,6.16,0.487,20.697,0.773,142.089
888,11,1685351983969,9.613,0.624,34.828,0.488,91.681
889,15,1685352026541,9.658,1.346,22.771,1.449,146.927
890,20,1685352192729,7.169,1.255,42.965,0.163,101.575
891,11,1685354635691,7.449,0.671,34.53,0.405,87.649
892,19,1685356360541,8.502,0.235,23.667,0.465,79.603
893,1,1685356995652,6.756,0.888,19.738,0.152,81.518
894,11,1685357060084,6.203,0.484,16.339,1.04,77.189
895,11,1685357850248,6.84,0.731,25.354,0.552,83.875
896,13,1685358523672,8.335,0.6,77.586,0.129,149.332
897,11,1685361740558,6.082,1.48,42.808,0.444,87.745
899,1,1685362088569,6.676,0.899,16.787,0.357,70.146
900,15,1685362107097,24.83,0.201,24.018,1.041,164.763
902,4,1685362515723,6.002,1.5,15.929,1.193,63.716
903,9,1685363519231,10.32,2.035,45.894,0.174,101.214
904,13,1685363616011,6.006,0.5,20.818,0.961,74.762
906,11,1685364925522,6.479,0.309,17.378,0.921,68.45
907,4,1685365219880,6.683,2.245,17.264,1.448,58.401
908,15,1685367147781,7.876,1.651,29.181,0.445,146.047
909,11,1685367575026,6.141,0.326,15.92,1.005,64.608
910,4,1685367885187,6.251,2.4,25.05,0.479,70.656
911,9,1685368559327,9.088,1.871,16.588,0.904,74.62
912,13,1685368656368,8.219,0.365,16.906,0.651,100.942
914,8,1685369993699,7.482,1.604,22.346,2.282,91.574
915,11,1685370292027,6.175,0.324,16.191,0.988,66.977
916,4,1685370544105,6.354,2.203,31.818,0.063,85.213
918,15,1685372188091,7.989,0.751,20.078,0.647,149.416
919,11,1685373082412,10.749,0.186,15.111,0.993,65.503
920,3,1685373536283,27.356,0.366,21.591,0.556,178.767
921,9,1685373599521,9.242,1.515,16.733,1.076,126.641
922,4,1685373849949,6.112,1.473,16.367,1.589,62.074
924,18,1685374762237,5.692,0.351,9.482,1.687,119.093
926,3,1685376265461,7.402,1.081,28.387,0.211,158.471
927,4,1685376776887,6.212,1.449,17.022,1.527,71.859
929,15,1685377228645,7.283,1.236,22.952,1.525,153.891
930,11,1685378123126,5.769,0.52,15.505,1.032,56.118
931,9,1685378639939,7.091,1.41,16.796,0.834,64.057
932,12,1685379267030,6.966,1.005,27.964,1.037,82.784
936,6,1685382940600,9.489,2.424,33.849,0.65,136.523
937,18,1685384843220,6.461,1.393,8.103,1.975,89.365
938,6,1685387982217,10.117,1.977,41.104,0.973,104.215
940,8,1685400235406,9.125,0.11,19.161,0.783,104.307
941,20,1685425279774,7.158,1.118,53.648,0.13,114.932
942,10,1685433320174,6.497,1.385,25.731,0.777,78.399
943,4,1685434799012,6.902,2.173,30.862,0.065,75.646
944,4,1685437441103,6.489,2.157,16.751,1.552,68.46
945,4,1685440185933,6.872,1.455,26.081,1.38,188.175
946,19,1685441287615,5.901,0.339,41.961,0.334,163.894
947,11,1685441552121,6.594,0.607,15.841,1.199,87.616
948,1,1685443495890,10.756,0.558,13.984,0.286,78.558
949,4,1685443645821,7.184,1.81,46.321,0.324,109.034
950,20,1685443697125,6.721,1.488,29.392,0.17,117.237
951,19,1685443992338,5.827,0.343,20.992,0.619,66.131
952,13,1685444850689,6.827,0.439,15.693,0.828,73.44
953,11,1685446861254,6.285,0.477,50.422,0.258,103.51
954,4,1685447224698,6.891,2.032,29.414,0.17,85.679
955,11,1685449488282,6.834,0.293,16.274,0.983,65.215
956,4,1685449885690,6.771,2.068,110.064,0.091,188.005
957,15,1685451239265,6.45,0.62,29.926,0.535,96.158
958,11,1685452247548,6.206,0.806,25.234,0.555,72.452
959,4,1685452757582,7.005,2.141,45.181,0.022,89.999
960,1,1685453680701,6.93,0.722,23.913,0.418,82.426
961,11,1685454505095,7.745,0.646,41.229,0.315,92.912
962,13,1685454931861,11.627,0.172,18.364,0.98,154.295
963,9,1685454961964,6.855,2.042,15.358,0.781,67.529
965,11,1685455069842,6.219,0.965,16.767,1.193,61.174
966,4,1685455487316,6.281,1.592,29.337,0.068,71.226
967,15,1685456237333,7.029,1.423,8.729,0.916,80.773
968,8,1685456396085,9.95,0.402,17.819,1.403,79.687
969,11,1685457699423,6.636,0.753,15.649,0.895,64.877
970,12,1685457810791,7.716,1.555,87.047,0.31,146.511
971,4,1685458443659,7.248,2.07,16.419,1.584,75.266
972,4,1685458547867,6.337,1.42,58.629,0.034,110.376
973,1,1685458825226,10.949,0.457,25.495,0.157,92.698
974,9,1685460002466,6.954,1.438,16.129,0.744,63.419
975,11,1685460439369,6.189,0.323,52.107,0.326,100.648
976,16,1685460696081,7.287,2.058,60.48,0.083,120.747
977,4,1685461213794,7.146,2.099,23.725,0.379,63.898
978,15,1685461277389,54.242,0.147,16.697,0.898,170.2
981,1,1685463918505,6.557,0.763,16.977,0.295,162.892
982,11,1685465479561,6.5,0.462,15.915,1.005,63.514
983,16,1685465736563,6.892,1.451,44.413,0.248,195.54
984,18,1685466207455,8.426,0.237,8.026,1.495,67.524
985,15,1685466317865,6.987,0.859,55.106,0.599,177.854
986,18,1685470549861,6.113,0.982,20.44,1.517,69.197
987,12,1685483014663,7.23,1.383,50.543,0.198,115.229
988,2,1685495958347,7.364,0.272,54.911,0.2,115.979
989,2,1685498989076,7.14,0.28,50.066,0.24,104.198
990,2,1685501873315,6.887,0.29,15.999,0.5,94.231
991,20,1685503411327,9.197,1.74,47.541,0.168,116.319
992,2,1685504789262,17.594,0.114,17.381,0.805,90.542
993,20,1685506124931,8.127,1.23,28.784,3.509,84.197
995,20,1685508763828,7.155,1.398,23.947,2.965,86.493
996,20,1685511458984,6.638,0.753,28.63,0.838,96.459
997,20,1685519248546,6.871,1.164,36.981,0.595,105.171
999,11,1685525047567,6.051,0.331,15.123,0.992,73.619
1000,4,1685525371443,6.737,2.227,21.968,0.273,67.192
1001,11,1685527054679,23.979,0.125,16.098,1.056,83.707
1002,1,1685529904536,19.944,0.251,20.996,0.238,84.995
1004,4,1685532166586,6.963,1.867,17.355,1.325,60.872
1006,3,1685533924021,6.766,1.626,24.985,0.32,90.023
1007,19,1685534629279,6.035,0.331,29.742,0.504,73.868
1008,1,1685534997090,7.657,0.653,19.187,0.156,88.015
1010,9,1685536324411,23.45,0.426,44.288,0.181,219.856
1011,13,1685536346657,9.788,0.306,41.944,0.048,102.063
1012,12,1685536828870,7.781,2.185,78.689,0.114,133.753
1013,3,1685536931097,6.584,1.367,23.261,0.301,96.39
1014,19,1685537279151,6.022,0.332,19.764,0.607,64.071
1015,4,1685537289073,6.781,1.917,49.13,0.366,243.041
1016,15,1685537481302,14.031,0.641,27.355,0.219,164.997
1017,11,1685538314492,6.454,0.31,19.829,0.454,80.359
1019,4,1685539949165,6.758,1.628,45.952,0.152,128.919
1020,9,1685541364840,7.541,2.785,15.865,0.945,89.137
1021,11,1685541391240,6.579,0.304,19.371,1.084,88.247
1022,4,1685542597909,6.96,2.155,24.866,0.08,68.955
1024,15,1685542740583,6.216,0.804,33.236,0.241,73.243
1026,11,1685544191045,6.736,0.891,16.455,0.972,70.241
1028,3,1685544718160,6.325,1.581,26.424,0.265,99.446
1029,12,1685544989736,6.677,1.048,27.254,0.183,88.848
1030,4,1685546172837,6.394,2.033,39.741,0.05,82.83
1031,9,1685546457588,7.104,1.971,18.819,1.01,71.477
1033,11,1685546912779,7.481,0.668,17.032,1.057,76.587
1034,15,1685547667601,6.619,0.755,29.021,0.793,88.504
1035,4,1685548826205,7.616,2.101,32.093,0.062,91.996
1036,6,1685550713392,8.056,2.483,21.144,2.601,88.898
1037,9,1685551497868,7.419,1.887,15.79,0.95,63.347
1039,15,1685552760296,7.203,1.111,17.888,0.727,134.504
1040,8,1685552930795,7.105,1.407,16.97,1.179,91.34
1041,18,1685562297950,9.15,1.421,17.208,1.162,85.01
1042,8,1685563011143,16.182,0.247,17.609,1.079,95.278
1044,18,1685572378994,6.207,1.289,9.697,1.753,111.887
1047,7,1685607726766,7.441,2.15,29.888,0.535,115.275
1048,4,1685610209677,6.222,1.607,16.282,1.474,60.339
1050,4,1685612905371,6.26,1.438,15.054,1.528,66.701
1056,4,1685618565650,19.26,0.675,15.827,1.327,76.933
1058,4,1685621263772,6.746,1.927,37.602,0.053,96.066
1059,15,1685622693701,8.297,0.482,16.697,0.838,95.357
1060,19,1685622835318,7.291,0.274,25.509,0.51,243.383
1062,4,1685624983364,6.197,1.452,25.373,0.631,70.636
1063,15,1685625487603,23.71,0.169,17.165,1.165,90.893
1064,12,1685625626155,7.209,1.526,58.009,0.345,112.491
1065,1,1685626328477,7.801,0.769,32.892,0.547,82.678
1068,13,1685627759075,6.462,0.464,26.155,0.421,128.632
1069,15,1685628248498,11.874,1.095,64.332,0.42,171.018
1071,4,1685629377650,6.306,1.427,34.265,0.058,84.025
1073,11,1685629643888,6.198,0.645,17.984,0.667,72.344
1074,7,1685630359719,7.581,1.715,31.131,0.482,234.23
1075,15,1685630931036,6.728,1.189,16.847,0.89,62.516
1076,4,1685632026094,6.936,1.874,33.284,0.06,90.919
1078,11,1685632588767,6.238,1.603,17.118,0.818,62.154
1079,10,1685632779825,7.809,1.921,30.243,0.463,81.799
1080,19,1685632915694,7.402,0.675,22.043,0.454,70.851
1081,15,1685633815559,7.85,1.146,16.939,0.59,116.758
1082,4,1685634677501,6.189,1.939,15.759,1.523,75.582
1084,11,1685635332031,7.534,1.327,21.318,0.938,76.787
1085,3,1685635988142,6.008,0.999,14.972,0.401,74.008
1086,11,1685636198789,6.086,0.493,7.609,1.183,41.039
1087,15,1685636698878,11.04,1.178,17.788,1.405,92.455
1089,10,1685637819807,6.944,2.448,19.173,2.504,69.178
1090,8,1685639272481,7.657,1.045,20.569,0.972,79.526
1091,15,1685639341181,7.486,1.336,25.061,0.479,85.134
1092,6,1685640001981,9.937,2.013,33.895,1.062,87.235
1093,12,1685640747809,6.545,0.917,94.965,0.126,200.438
1094,6,1685644361130,7.595,2.37,28.376,0.74,116.46
1095,6,1685649402831,8.451,2.248,30.745,1.301,82.757
1097,3,1685692678097,7.174,1.255,15.427,0.259,79.355
1098,11,1685696498230,6.155,0.975,38.641,0.362,108.812
1099,4,1685697113427,6.249,1.6,40.846,0.049,87.731
1100,13,1685699017461,6.765,1.478,17.737,0.395,73.615
1101,11,1685699144840,6.149,0.325,15.68,1.084,83.474
1102,10,1685700213474,7.743,1.291,29.16,0.926,91.794
1103,20,1685700753758,6.345,1.418,23.818,2.855,84.38
1104,4,1685701539439,6.515,2.149,36.824,0.788,80.203
1105,11,1685701988514,6.465,0.309,16.491,1.759,76.216
1106,7,1685703620631,7.931,1.639,19.417,2.009,87.032
1107,13,1685704057599,9.652,1.347,38.871,0.051,100.978
1108,10,1685704112903,6.211,1.61,26.467,0.567,73.199
1109,11,1685704689455,5.987,0.334,33.638,0.386,78.364
1110,3,1685705733701,7.538,1.061,27.887,0.215,157.976
1112,11,1685707421079,6.587,0.455,15.385,0.845,63.551
1113,7,1685708659704,12.192,0.82,33.871,0.679,128.166
1115,11,1685710098160,8.595,0.582,19.31,1.761,78.677
1118,4,1685711610550,6.29,2.385,16.3,1.411,86.628
1119,11,1685713241271,6.884,1.307,22.677,0.353,76.293
1120,13,1685714190504,6.102,0.492,54.446,0.037,116.746
1122,3,1685715524351,9.525,0.84,25.006,0.28,222.671
1123,8,1685715626810,6.533,1.378,18.011,1.333,77.017
1124,12,1685715947533,7.196,1.251,113.968,0.149,173.484
1125,4,1685716650821,6.691,2.242,15.996,1.125,61.075
1126,7,1685718740708,9.979,2.104,24.942,2.365,120.791
1127,10,1685719285987,6.803,1.176,21.945,1.823,76.535
1129,11,1685720729474,9.228,2.059,63.589,0.094,112.954
1130,12,1685720988265,7.06,1.416,29.792,0.604,97.181
1131,14,1685721579190,32.428,0.247,10.952,0.274,95.859
1132,16,1685722073543,6.333,1.105,35.835,0.14,93.964
1133,10,1685722806524,8.657,1.155,29.654,1.315,94.103
1134,10,1685724326886,26.733,0.374,18.933,1.69,107.544
1137,11,1685744382227,6.484,0.463,15.418,0.973,70.856
1138,11,1685749422957,7.46,1.072,15.5,0.903,64.912
1139,4,1685751573348,7.216,1.524,17.928,1.896,62.437
1140,1,1685751599919,8.03,0.747,25.436,0.079,86.295
1141,11,1685754515580,6.497,0.462,17.255,0.927,100.127
1142,4,1685757435491,6.14,1.14,27.421,1.131,100.827
1143,11,1685759608503,6.716,0.298,17.237,0.986,69.582
1144,4,1685761654301,6.965,2.154,16.435,1.46,87.865
1145,5,1685762352709,6.226,0.482,12.014,2.497,62.525
1146,4,1685765865555,6.222,1.446,17.351,1.729,65.149
1147,11,1685771088902,6.002,0.5,19.313,0.777,83.796
1148,1,1685771615558,6.86,1.166,22.541,0.444,69.985
1149,6,1685774141361,9.423,2.122,18.134,1.93,147.695
1150,3,1685774625895,6.909,1.303,24.563,0.081,190.475
1151,9,1685778297553,9.671,2.378,17.312,1.098,76.799
1152,3,1685779719051,6.92,1.301,25.538,0.078,187.244
1153,13,1685780371885,7.037,1.137,16.922,1.064,73.991
1154,3,1685782413549,8.224,1.216,25.039,0.24,173.186
1156,6,1685789169586,7.836,2.552,29.694,0.606,98.065
1157,13,1685790504942,12.035,0.249,30.072,0.665,177.015
1158,3,1685791412671,6.494,1.232,21.942,0.273,90.726
1159,4,1685792441848,7.027,1.85,33.779,0.059,81.141
1160,13,1685795649596,6.937,1.153,37.923,0.633,118.794
1162,3,1685796505694,8.364,1.196,15.247,0.131,78.539
1163,7,1685798126880,8.652,1.387,35.515,0.873,187.02
1164,13,1685800742121,24.514,0.122,18.036,0.943,120.06
1165,16,1685801275860,6.473,1.39,19.225,0.208,72.038
1166,7,1685802901174,9.273,2.265,132.989,0.18,475.119
1167,10,1685805467486,6.52,1.38,18.627,2.308,63.591
1169,10,1685810609402,6.794,1.472,19.968,2.304,81.254
1171,12,1685816346078,6.417,0.935,25.663,0.468,84.964
1173,9,1685834398866,7.201,1.389,16.159,1.052,71.13
1175,11,1685839777517,6.261,0.479,31.983,0.469,159.861
1176,9,1685844531458,8.235,2.186,17.053,0.997,80.766
1177,11,1685845195559,6.022,0.498,15.582,1.091,75.716
1178,20,1685846464178,6.689,1.046,46.492,0.731,115.255
1179,9,1685849571599,10.004,1.699,31.644,0.442,167.292
1180,11,1685853798755,6.042,0.497,26.096,0.728,80.988
1181,9,1685854612087,8.083,2.227,25.187,0.715,96.395
1182,20,1685857300145,6.273,0.319,9.224,2.71,59.073
1183,9,1685859653063,7.704,1.298,26.429,0.416,117.274
1184,20,1685862352228,8.169,1.102,33.232,0.481,134.034
1185,1,1685863475788,6.776,0.885,21.595,0.046,115.842
1186,20,1685865146104,6.784,1.032,28.077,3.526,145.937
1187,20,1685868479840,6.258,1.438,34.17,0.498,113.306
1188,10,1685869573549,7.819,1.279,48.273,0.352,157.829
1189,7,1685870245514,8.186,2.565,24.471,2.779,70.232
1191,11,1685871004182,7.529,1.328,15.873,0.945,79.885
1192,20,1685871167492,16.228,0.555,60.981,0.312,178.559
1193,10,1685871797640,6.696,1.344,9.853,0.913,69.486
1194,3,1685873455610,6.28,1.433,22.59,0.221,113.621
1196,4,1685874361142,6.319,2.057,15.803,1.582,86.177
1199,3,1685878311467,6.359,1.258,26.367,0.19,146.65
1201,12,1685881147309,7.747,2.453,17.043,0.704,76.352
1202,3,1685882223630,7.28,1.099,16.368,0.367,85.406
1205,7,1685885366572,9.806,1.632,23.245,2.667,100.833
1206,12,1685886188559,7.556,1.985,17.693,0.848,83.934
1210,10,1685891204435,6.758,1.036,46.266,0.67,120.561
1211,12,1685891228245,6.784,1.032,19.955,0.651,74.931
1213,11,1685892180429,6.672,0.749,15.019,0.932,66.016
1214,10,1685893400386,7.677,1.042,56.689,0.67,155.52
1216,11,1685894981096,6.406,0.781,15.829,0.758,67.818
1217,10,1685897000043,6.416,1.403,18.631,2.04,75.641
1218,8,1685897610283,5.999,0.667,15.349,1.173,62.812
1219,11,1685897624897,6.801,0.735,15.542,0.965,107.341
1223,20,1685938062779,6.215,1.126,36.538,0.712,93.412
1225,10,1685948984326,6.564,1.219,41.955,0.381,107.096
1226,10,1685952518471,6.681,1.497,31.333,0.351,77.988
1227,20,1685953338067,6.286,0.795,83.245,0.096,169.388
1228,11,1685955045374,6.634,1.206,15.131,0.925,71.173
1229,1,1685956829366,7.113,0.703,17.566,0.342,69.652
1230,10,1685958201765,7.716,1.426,21.463,2.19,77.113
1232,1,1685961929914,8.122,1.231,53.36,0.206,133.405
1233,16,1685963999373,6.402,1.25,10.439,0.766,55.828
1234,4,1685964839797,6.293,1.43,28.553,0.56,73.714
1235,7,1685965238512,7.786,1.798,28.671,0.907,81.252
1237,1,1685967066845,7.075,0.707,18.296,0.164,67.381
1238,3,1685967120342,6.582,1.215,32.676,0.275,125.648
1239,11,1685968128913,8.057,2.358,16.331,1.163,111.652
1240,9,1685968313958,9.95,1.508,16.98,1.001,87.133
1241,16,1685969039503,7.757,1.16,9.371,1.281,153.069
1242,4,1685969110309,6.954,1.582,16.95,1.652,60.741
1244,3,1685969886002,7.262,1.102,45.897,0.087,182.326
1246,7,1685970446156,7.048,2.27,22.047,2.449,69.607
1247,4,1685971813106,6.797,1.913,18.942,2.428,66.064
1249,11,1685973534482,7.49,0.935,28.526,0.456,173.05
1252,11,1685976350510,6.82,0.293,18.169,0.771,72.172
1253,4,1685976854025,6.455,1.549,36.368,0.055,87.367
1254,3,1685977725246,7.175,1.115,39.558,0.202,210.241
1256,10,1685979161365,6.529,1.378,22.94,2.921,90.017
1257,8,1685979788771,7.09,0.846,20.042,2.245,70.326
1258,14,1685980791616,58.314,0.12,10.243,1.757,106.322
1259,4,1685980836995,6.928,1.443,17.381,2.704,62.636
1260,11,1685981420360,7.923,0.252,15.004,0.866,60.984
1261,3,1685982818294,6.633,1.206,33.169,0.121,187.372
1262,10,1685983404563,6.54,0.917,27.779,1.116,79.482
1264,11,1685984161113,6.303,1.269,15.703,0.701,78.026
1265,8,1685984828974,29.047,0.379,16.009,0.875,157.385
1266,12,1685991365730,8.649,0.694,18.716,0.748,110.016
1270,18,1686009808855,7.534,1.327,11.124,1.438,97.439
1271,20,1686022292196,15.906,0.503,18.847,2.441,76.786
1272,20,1686025319451,7.315,1.504,78.892,1.103,143.404
1273,5,1686026238849,6.712,0.894,17.834,1.346,67.679
1274,20,1686033874876,6.986,1.145,22.246,2.832,95.848
1275,4,1686036046428,6.697,1.941,26.285,0.647,86.73
1276,10,1686036396881,6.658,1.352,21.138,1.75,73.374
1277,3,1686038352434,8.031,0.996,16.527,0.121,86.813
1278,10,1686039565473,6.585,1.063,27.502,0.545,75.799
1279,4,1686039577866,6.565,1.828,37.562,0.053,92.702
1280,11,1686042203826,6.732,0.297,8.514,0.352,81.526
1281,11,1686042325956,5.905,0.339,15.717,0.7,62.889
1282,1,1686043201874,6.841,0.731,27.381,0.073,79.237
1283,10,1686044605810,6.949,1.439,29.122,0.515,79.171
1285,13,1686044642642,6.447,0.931,22.847,0.088,111.211
1287,11,1686044822701,7.143,0.7,16.702,0.838,78.629
1288,3,1686046117723,7.94,1.008,17.681,0.452,68.602
1289,15,1686046118975,7.581,1.055,16.719,1.495,61.808
1292,4,1686047589724,7.066,1.84,36.625,0.055,77.004
1294,11,1686048215279,7.668,0.913,15.564,0.9,83.073
1295,1,1686048294690,6.262,0.798,27.62,0.072,74.785
1296,15,1686048580061,6.944,0.72,17.731,1.41,82.382
1297,9,1686049728902,7.433,1.345,26.31,0.646,162.66
1298,11,1686049771022,6.263,0.798,14.996,0.8,69.535
1299,13,1686049787510,9.717,2.882,15.789,0.697,77.116
1301,3,1686051210915,6.355,1.259,15.705,0.318,69.992
1302,19,1686051225460,5.769,0.347,25.508,0.549,156.782
1303,15,1686051283670,7.57,1.717,39.749,0.226,102.361
1304,4,1686052303245,7.411,1.754,16.233,1.294,59.079
1306,1,1686053387063,6.618,0.756,19.99,0.35,64.624
1307,10,1686054026547,7.788,1.284,19.553,2.506,83.116
1308,15,1686054370912,25.062,0.2,27.943,0.429,119.285
1309,10,1686054739405,6.307,1.427,31.292,0.959,81.812
1310,9,1686054769346,14.066,1.493,17.221,0.755,172.891
1312,13,1686054828983,11.083,0.271,16.724,0.897,87.926
1313,11,1686054901837,5.985,0.835,23.724,0.801,67.762
1315,3,1686056251912,6.833,1.171,20.722,0.531,77.356
1316,15,1686057330586,11.782,1.103,27.114,0.443,84.887
1317,4,1686057342843,6.572,1.369,34.138,0.059,90.417
1318,7,1686057530746,7.103,0.704,24.888,0.241,195.189
1319,12,1686057548481,62.513,0.096,16.267,0.615,124.11
1320,11,1686057864105,6.423,0.778,17.322,1.039,77.736
1321,1,1686058479712,6.237,0.802,23.355,0.086,74.627
1322,6,1686058999766,8.547,2.34,17.583,1.308,136.985
1323,19,1686059148333,5.964,0.335,19.661,0.559,72.343
1324,3,1686059157234,6.23,1.284,15.169,0.396,69.352
1327,9,1686059809758,6.697,1.493,17.81,1.179,69.306
1328,13,1686059921091,6.916,0.434,19.661,1.322,156.417
1329,15,1686060521496,7.558,0.794,17.648,1.473,89.775
1330,11,1686060572205,6.395,0.782,24.481,0.49,89.844
1331,4,1686060947638,6.903,1.594,17.494,0.857,64.264
1332,8,1686061236045,6.9,0.29,18.373,0.98,74.252
1334,10,1686062567726,7.085,1.27,18.714,1.336,100.04
1335,12,1686062589384,7.413,1.889,16.977,0.589,74.924
1336,11,1686063367996,7.154,0.699,16.271,0.983,80.698
1337,15,1686063484478,8.008,1.623,17.71,1.186,94.804
1338,1,1686063624393,14.206,0.352,19.144,0.836,70.244
1339,6,1686064040616,8.544,1.287,40.655,0.443,103.162
1340,3,1686064250277,6.834,1.171,16.532,0.181,103.082
1341,10,1686064820678,8.24,0.971,24.849,2.938,108.465
1342,9,1686064849612,6.627,1.509,16.996,0.588,82.592
1343,13,1686065013606,13.241,0.227,22.59,0.885,85.683
1344,4,1686065989055,6.991,1.573,23.98,0.542,65.763
1345,12,1686066236374,8.606,0.813,18.389,0.707,85.284
1346,15,1686066411175,8.723,0.688,18.486,0.703,307.103
1347,3,1686068059800,6.729,1.189,17.437,0.459,71.056
1349,18,1686068368361,6.439,0.932,9.775,1.841,79.328
1350,11,1686068418151,6.27,0.797,15.603,0.961,74.773
1351,15,1686069053726,7.202,0.833,25.469,0.196,95.645
1352,10,1686069861878,6.944,1.296,55.199,0.29,110.06
1353,11,1686071196327,6.237,0.802,16.715,0.718,68.328
1354,1,1686073726624,7.378,0.678,19.718,0.152,72.227
1355,6,1686074122416,7.502,1.6,23.677,1.605,97.838
1356,8,1686076190626,6.561,0.305,21.367,0.842,91.696
1357,20,1686105579187,31.838,0.314,32.46,0.308,112.417
1359,20,1686109314049,7.001,1.428,49.939,1.782,106.162
1360,20,1686112299384,9.746,1.129,75.051,0.107,147.269
1361,1,1686123130031,9.246,0.649,20.438,0.245,77.507
1362,3,1686125384815,7.43,1.077,25.025,0.36,80.39
1363,4,1686126655749,18.876,0.689,26.337,1.063,93.407
1364,20,1686127415304,8.966,0.669,76.189,0.039,145.532
1365,11,1686129425356,8.289,1.327,14.781,0.609,70.353
1367,2,1686130754583,7.969,0.251,16.996,0.824,106.579
1368,4,1686130864839,6.469,1.7,26.095,0.651,74.737
1369,3,1686130915200,6.383,1.253,34.362,0.437,87.055
1370,13,1686131076691,6.111,0.655,18.603,1.075,68.808
1371,17,1686132196375,6.195,0.323,31.819,0.283,75.946
1372,11,1686132732391,6.575,0.456,15.54,0.644,76.949
1374,3,1686135166693,6.26,0.958,15.424,0.195,72.794
1375,4,1686135905919,6.801,1.911,17.179,1.397,57.544
1377,11,1686137384176,7.94,1.763,28.783,0.625,77.558
1378,17,1686137594860,6.4,0.312,28.025,0.357,75.217
1379,15,1686138272149,7.279,1.099,29.443,0.34,175.983
1380,3,1686138541210,8.349,0.958,9.069,0.662,62.958
1381,19,1686139676630,7.589,0.264,21.993,0.682,76.431
1382,1,1686139876854,21.285,0.235,19.694,0.102,82.609
1383,11,1686140295405,9.574,0.627,15.813,0.885,69.64
1385,4,1686140947419,6.678,1.947,24.286,0.535,73.784
1386,13,1686141153481,6.429,0.933,29.116,0.343,106.503
1387,15,1686141464056,7.049,0.851,40.25,0.596,160.799
1388,3,1686141572491,8.344,0.959,18.162,0.22,86.404
1389,11,1686142950018,6.131,0.816,15.549,0.9,67.286
1390,7,1686143808920,7.824,2.045,20.959,2.433,84.214
1391,19,1686144209741,5.98,0.502,21.369,0.374,104.481
1392,15,1686144802082,6.81,0.734,33.726,0.237,113.304
1393,4,1686145150192,6.292,1.113,36.418,0.027,93.662
1395,13,1686146200346,6.545,0.917,17.161,1.282,66.646
1396,3,1686146613171,6.183,1.294,15.369,0.325,79.604
1397,7,1686147140990,8.318,1.202,20.834,1.92,111.793
1398,15,1686147510593,7.422,0.674,18.976,1.054,110.889
1399,11,1686147877458,6.789,0.736,15.176,1.054,78.087
1400,2,1686147900661,8.118,0.616,17.805,0.562,81.62
1402,3,1686149751903,6.079,1.316,18.215,0.329,68.583
1403,4,1686150183632,6.489,1.387,17.419,1.894,65.898
1404,15,1686150378342,7.369,0.814,30.935,0.291,104.335
1406,11,1686150664573,9.091,0.55,16.6,1.205,67.516
1408,18,1686152352637,6.945,1.872,19.18,1.825,102.37
1409,3,1686152471461,8.284,1.086,17.762,0.281,79.5
1411,11,1686154410894,8.149,2.209,16.1,1.18,62.499
1412,4,1686155226936,6.325,1.423,25.008,0.84,70.952
1413,7,1686155414260,7.123,1.264,29.281,0.546,210.218
1414,15,1686155418513,7.082,0.847,31.446,0.445,182.621
1416,8,1686157672279,6.706,0.298,25.66,0.585,75.727
1417,12,1686159122204,6.68,1.497,19.268,0.727,73.539
1418,8,1686162712369,7.305,0.274,21.394,1.122,184.439
1419,6,1686165568841,8.463,2.363,18.014,1.277,109.501
1420,8,1686167752908,8.386,0.477,18.587,0.968,162.766
1421,6,1686170609800,7.508,2.131,34.681,0.433,143.081
1422,2,1686176751905,6.388,0.313,17.006,0.588,73.434
1423,20,1686192016820,7.59,0.922,69.564,0.072,126.814
1424,20,1686197188075,46.295,0.151,40.24,0.298,131.59
1425,20,1686211144824,7.723,1.554,69.069,0.043,126.789
1426,3,1686212352858,6.375,1.255,24.271,0.124,73.691
1427,1,1686212693546,7.271,0.825,28.961,0.207,77.445
1429,11,1686215959924,6.819,0.88,15.716,1.018,81.005
1431,17,1686220073913,6.386,0.313,24.427,0.123,75.876
1432,19,1686222125709,5.947,0.336,20.483,0.635,75.864
1433,11,1686222744782,11.642,2.062,24.716,0.526,91.906
1436,11,1686226119462,6.028,0.332,15.595,0.834,75.366
1437,7,1686226360136,8.611,2.09,12.755,1.568,146.016
1438,15,1686226360600,6.66,0.751,29.431,0.17,126.907
1439,4,1686226936044,6.618,1.964,19.955,2.105,66.562
1441,2,1686228516794,6.011,0.333,17.868,0.616,64.355
1442,11,1686228901877,6.289,0.318,16.126,0.93,77.658
1443,15,1686229117381,8.358,0.598,66.53,0.15,123.89
1444,4,1686230076579,7.187,1.391,43.115,0.325,149.156
1445,12,1686230589388,6.969,1.435,22.981,1.218,92.341
1447,7,1686231400681,8.093,2.224,20.003,2.2,181.983
1448,11,1686231635422,7.988,0.25,16.389,0.671,90.723
1449,1,1686231810799,6.175,0.81,15.619,0.064,63.284
1451,2,1686232159098,6.047,0.331,16.192,0.803,59.74
1452,10,1686232538971,7.136,1.401,27.848,0.539,95.163
1453,9,1686232555883,9.473,2.217,15.403,0.974,87.281
1454,3,1686232619739,6.236,1.283,35.755,0.112,92.2
1455,16,1686233543558,7.693,1.04,23.366,0.899,88.728
1456,14,1686234076825,7.052,1.276,10.284,1.556,58.476
1458,15,1686234498835,7.458,0.67,36.372,0.247,141.844
1459,4,1686235117717,9.331,1.072,16.833,1.069,77.879
1461,12,1686235629944,6.969,1.004,19.275,0.882,84.291
1462,19,1686235645348,45.733,0.044,16.515,0.848,101.726
1463,7,1686236441089,6.62,0.906,30.617,1.437,200.416
1464,10,1686236442124,7.078,0.848,29.262,0.376,88.973
1465,11,1686236676145,12.23,0.245,15.621,1.024,90.183
1466,14,1686236764310,7.422,0.674,10.872,2.483,93.759
1467,15,1686237266457,8.148,1.105,36.529,0.684,89.563
1468,9,1686237596322,6.97,1.435,29.238,0.342,77.595
1470,15,1686239880816,7.823,1.15,39.674,0.151,118.281
1471,4,1686240158938,6.685,1.496,17.305,1.445,74.476
1473,1,1686241318122,6.947,0.72,17.42,0.057,64.594
1474,11,1686241717409,7.757,0.516,16.49,0.788,75.01
1475,15,1686242637474,7.077,1.272,20.477,1.66,67.429
1476,10,1686242660757,6.832,0.878,45.658,0.482,100.852
1478,1,1686246463448,6.425,0.778,21.223,0.283,82.237
1479,8,1686249052039,7.073,0.283,15.799,1.139,65.039
1480,6,1686257014485,10.523,2.091,31.951,0.689,107.927
1481,2,1686264705038,6.999,0.714,31.526,0.793,88.019
1482,20,1686287563859,9.313,0.859,22.66,2.913,149.981
1483,20,1686292709441,6.379,1.411,37.44,2.404,100.687
1484,20,1686297315087,8.693,1.15,19.433,2.882,117.406
1485,3,1686297672116,23.624,0.381,34.38,0.145,249.26
1486,1,1686298918457,6.589,0.759,42.217,0.095,131.984
1487,2,1686301290378,7.236,0.276,16.165,0.804,78.692
1488,20,1686302381086,26.238,0.076,30.398,2.961,155.13
1489,11,1686302381500,7.373,0.678,18.152,0.606,108.455
1490,14,1686303608018,10.292,0.777,10.48,1.05,59.414
1491,9,1686303889983,7.941,2.267,15.724,1.018,70.73
1493,20,1686307575291,6.73,0.297,39.909,0.301,169.475
1494,13,1686308910802,6.382,0.94,18.454,1.192,64.326
1495,9,1686308930821,7.372,2.035,26.442,0.416,78.647
1496,15,1686309801587,7.135,1.121,16.938,0.768,66.563
1498,19,1686311999090,8.498,0.118,23.141,0.691,105.367
1499,15,1686312517938,6.839,0.877,8.953,1.117,96.132
1501,13,1686313994413,44.817,0.268,28.667,0.977,126.753
1502,2,1686314391117,8.09,0.247,69.623,0.072,114.828
1503,19,1686314641399,42.439,0.071,30.909,0.485,134.106
1505,15,1686315295042,6.571,0.761,8.45,1.183,113.413
1506,12,1686315903877,6.823,1.173,31.669,0.568,86.607
1507,7,1686316547324,8.43,1.186,19.517,2.101,85.748
1509,6,1686318215283,10.35,1.739,24.446,1.309,239.155
1510,3,1686318643134,6.91,1.737,16.458,0.304,70.652
1511,15,1686318715762,6.86,0.729,17.255,0.58,168.68
1512,9,1686319011934,7.228,1.384,28.221,0.638,79.197
1513,1,1686319743650,6.619,0.755,17.418,0.402,64.548
1514,12,1686320996646,7.675,1.824,31.155,0.385,124.372
1516,15,1686322428865,6.836,0.731,19.102,1.675,78.6
1517,1,1686322650305,7.773,0.643,17.137,0.408,66.916
1518,10,1686323965981,7.709,1.946,16.424,0.913,147.285
1523,8,1686325526174,6.24,0.321,18.851,1.857,69.532
1525,15,1686325807284,6.268,0.798,16.297,0.614,58.61
1526,7,1686326627842,7.813,2.432,31.241,0.96,88.263
1527,1,1686327324371,6.747,0.741,16.279,0.123,68.679
1528,15,1686327841327,8.384,0.596,30.717,0.163,103.196
1529,10,1686328054667,6.764,1.774,24.78,0.646,84.971
1530,15,1686330483722,6.955,1.006,16.737,1.733,139.023
1532,9,1686357834072,7.091,1.41,16.523,0.787,71.074
1533,1,1686361515449,8.394,0.715,30.226,0.265,93.165
1534,20,1686366108410,6.633,0.754,42.139,0.071,136.371
1535,2,1686367675411,6.13,0.326,17.755,1.014,74.068
1536,9,1686367913270,12.167,0.822,16.762,0.835,85.708
1537,1,1686368236004,7.093,0.705,18.559,0.323,69.726
1538,3,1686372403529,7.659,0.783,20.303,0.493,82.367
1539,9,1686373005686,10.059,2.088,33.693,0.297,175.643
1540,2,1686373439605,6.273,0.319,43.989,0.409,118.542
1541,3,1686375054950,6.555,1.22,9.157,0.437,73.233
1542,1,1686376735876,6.81,0.734,22.086,0.272,72.803
1543,3,1686378056614,6.794,1.766,16.95,0.472,67.453
1544,2,1686378584920,6.541,0.306,18.181,1.485,80.558
1545,1,1686381925814,7.652,0.653,28.501,0.175,82.055
1546,3,1686382047633,23.659,0.338,16.597,0.241,84.942
1547,2,1686382971894,6.212,0.483,15.31,0.914,61.562
1548,3,1686384796112,20.09,0.398,17.334,0.577,81.972
1549,13,1686385200661,7.253,1.103,19.58,1.634,73.47
1550,3,1686387506712,6.643,1.204,15.847,0.316,75.44
1551,19,1686389113360,6.029,0.332,19.323,0.673,74.657
1552,13,1686390242425,6.374,0.941,22.475,1.068,73.466
1553,3,1686390539470,6.484,1.388,17.189,0.291,77.942
1556,19,1686394102481,5.829,0.343,22.035,0.59,74.109
1557,3,1686394138248,8.652,0.925,35.711,0.196,173.473
1558,10,1686395216251,6.928,1.155,18.355,2.07,80.921
1560,3,1686396845723,6.727,1.189,27.562,0.109,163.19
1561,6,1686397307984,9.153,1.967,30.327,2.869,109.036
1562,3,1686399557392,21.08,0.38,49.804,0.04,192.629
1563,10,1686400353947,24.519,0.449,28.914,0.38,97.502
1564,13,1686400426446,7.817,0.895,42.97,0.047,96.382
1565,8,1686401049287,12.979,0.616,16.642,1.682,70.454
1566,3,1686402261635,6.646,1.204,17.58,0.284,67.193
1567,10,1686405394608,7.126,1.544,50.455,0.674,95.669
1569,10,1686410486889,9.847,1.117,35.861,1.394,144.878
1571,10,1686415527516,7.487,1.202,17.288,1.099,62.326
1573,8,1686421012028,9.057,0.221,25.656,0.585,81.585
1574,9,1686439181415,6.476,1.544,9.335,2.035,67.044
1575,1,1686440112854,6.497,0.77,16.032,0.437,62.815
1576,1,1686443631824,6.609,0.757,21.115,0.568,71.793
1577,20,1686453582218,27.556,0.218,35.03,0.057,151.342
1578,20,1686461266011,8.005,1.249,41.056,0.073,96.284
1579,6,1686461991674,8.922,1.681,29.669,0.843,100.64
1580,3,1686463083951,6.333,0.947,16.18,0.124,67.419
1581,20,1686465395682,6.174,1.458,19.642,2.851,65.033
1582,7,1686467246813,8.814,1.135,11.142,2.872,153.373
1583,1,1686468461724,7.38,0.678,18.171,0.33,75.085
1584,20,1686468496014,14.227,0.141,20.895,3.063,83.461
1585,3,1686468682717,6.586,1.215,15.029,0.133,65.653
1588,7,1686472286413,6.901,1.739,12.833,2.571,177.122
1589,19,1686472423282,6.002,0.333,16.399,0.671,88.392
1591,3,1686474298103,22.937,0.349,23.405,0.171,89.92
1593,19,1686475296607,5.961,0.336,16.856,0.949,59.823
1594,10,1686475427044,6.715,1.042,30.068,0.366,226.508
1595,13,1686476680744,14.215,0.844,16.699,1.377,73.055
1597,3,1686479985009,7.061,1.133,17.758,0.451,78.214
1598,10,1686480447664,6.945,1.44,15.925,0.942,60.7
1599,13,1686481774072,6.387,0.313,17.349,1.153,97.19
1602,10,1686485540095,7.986,1.377,50.777,0.197,100.247
1603,3,1686485709512,6.146,1.302,17.563,0.399,75.127
1604,12,1686485980208,6.648,1.354,30.932,0.711,104.461
1608,2,1686488027680,7.882,0.254,27.764,0.54,151.908
1609,15,1686488702249,7.062,1.133,37.589,0.346,214.222
1610,10,1686490580486,24.549,0.448,30.224,0.463,121.504
1611,12,1686491020942,7.377,1.22,16.703,0.419,86.448
1612,15,1686491218141,7.434,0.673,28.378,0.352,107.534
1616,15,1686496625643,6.993,0.715,80.23,0.1,183.94
1618,15,1686499303178,8.646,0.578,21.059,1.472,98.918
1620,6,1686500388810,9.75,2.051,29.544,0.677,80.186
1621,15,1686502072768,7.84,1.02,28.682,0.453,90.523
1622,8,1686502387776,6.96,0.287,17.018,1.234,75.99
1624,6,1686505481951,8.792,1.706,32.652,0.582,88.064
1625,6,1686510522528,8.073,1.734,31.367,0.51,128.963
1627,1,1686530196587,6.852,0.73,24.641,0.203,69.725
1628,20,1686540046440,6.541,0.764,33.193,0.542,140.406
1629,20,1686544578911,9.089,1.21,32.962,0.243,95.207
1630,20,1686548334045,7.101,1.127,29.91,0.267,89.285
1631,10,1686553353857,8.411,1.308,22.237,2.338,69.56
1632,3,1686555641654,6.411,1.248,16.696,0.18,81.951
1633,10,1686557505570,6.81,1.322,19.423,1.03,62.821
1634,3,1686558361894,6.386,1.253,16.366,0.489,72.966
1635,1,1686558555603,6.774,0.738,9.089,0.66,84.472
1637,13,1686563060370,33.819,0.148,28.121,0.071,214.538
1638,3,1686563781392,6.095,1.313,16.32,0.368,102.071
1639,20,1686564922143,9.459,1.057,25.551,3.483,79.402
1640,19,1686565543686,9.136,0.219,16.641,0.721,104.13
1642,10,1686568208738,6.793,1.619,22.327,3.001,73.882
1643,3,1686570419772,30.044,0.266,19.317,0.311,96.245
1644,1,1686571797586,13.223,0.378,23.348,0.214,80.232
1646,1,1686572687896,6.27,0.797,16.78,0.298,75.789
1647,13,1686573141169,33.641,0.089,29.279,0.717,129.437
1648,3,1686573179196,19.521,0.41,16.287,0.553,67.797
1649,15,1686574316779,27.163,0.221,17.678,0.566,169.133
1651,10,1686575342591,7.438,2.286,17.529,1.94,61.472
1652,19,1686575891188,5.952,0.336,16.451,0.608,60.727
1653,3,1686576208028,6.756,1.184,15.425,0.13,78.892
1654,15,1686576959136,7.456,0.671,8.046,0.746,85.56
1657,3,1686578991382,6.233,1.283,8.421,0.475,59.125
1658,15,1686580545908,7.398,0.811,18.466,0.542,215.033
1659,3,1686581714256,8.14,0.983,17.577,0.284,73.845
1660,15,1686583279457,7.436,0.807,28.359,0.952,172.904
1661,3,1686584487321,7.81,1.024,15.746,0.254,85.001
1663,10,1686584977883,7.315,1.23,19.112,0.994,89.012
1664,7,1686585815179,9.126,1.863,21.802,2.064,78.591
1665,15,1686585905369,6.875,0.582,22.978,0.435,117.106
1666,6,1686587505466,8.705,2.183,27.106,2.435,210.753
1667,15,1686588549879,6.722,0.744,33.37,0.689,101.981
1669,20,1686631492063,6.83,1.025,17.248,1.16,73.85
1670,20,1686641625267,8.766,2.167,34.502,0.087,140.493
1671,10,1686642435305,7.37,1.221,26.402,0.72,97.42
1673,13,1686644422621,7.511,0.799,21.282,1.316,104.531
1675,13,1686649455561,7.639,1.047,19.013,1.052,87.193
1676,9,1686649472681,46.589,0.451,35.095,0.142,320.115
1677,3,1686649512679,7.624,1.049,33.997,0.147,167.605
1678,20,1686650116100,6.299,0.794,27.918,0.43,232.458
1680,9,1686654513323,7.854,2.674,210.973,0.076,277.996
1681,14,1686656685575,7.966,1.004,11.09,2.795,78.033
1682,19,1686657583404,6.662,0.3,41.091,0.024,107.363
1684,1,1686658239840,7.12,0.702,26.873,0.074,100.907
1685,9,1686659553862,9.972,1.304,16.456,0.912,167.549
1686,13,1686659640835,6.714,0.298,31.922,0.47,92.464
1687,19,1686660267865,6.436,0.622,15.998,0.938,155.065
1689,14,1686661724629,6.708,1.193,9.66,1.76,92.847
1691,15,1686664319185,6.917,1.012,26.849,0.372,78.854
1692,15,1686665818051,7.269,1.238,34.176,0.234,86.96
1695,7,1686667181012,6.673,1.499,32.178,0.932,85.942
1696,3,1686667493743,7.411,0.81,18.255,0.274,125.464
